customerID,Tenure,MonthlyCharges,TotalCharges,Gender,SeniorCitizen,Partner,Dependents,PhoneService,InternetService,Contract,PaymentMethod,Churn
0000-TEST,52,107.01,,Female,1,No,No,Yes,No,Two year,Credit card,No
0001-TEST,15,104.72,,Male,1,Yes,Yes,No,DSL,Month-to-month,Mailed check,Yes
0002-TEST,61,65.75,,Female,0,Yes,Yes,No,Fiber optic,Two year,Mailed check,No
0003-TEST,21,90.13,,Female,1,No,No,No,DSL,One year,Electronic check,Yes
0004-TEST,24,48.45,,Female,1,Yes,Yes,No,No,Month-to-month,Credit card,No
0005-TEST,3,56.38,,Female,1,No,Yes,Yes,Fiber optic,Month-to-month,Bank transfer,No
0006-TEST,22,110.67,,Male,1,Yes,No,No,DSL,One year,Bank transfer,No
0007-TEST,53,31.17,,Female,0,No,Yes,No,Fiber optic,Month-to-month,Electronic check,No
0008-TEST,2,37.7,,Male,0,No,Yes,Yes,Fiber optic,Month-to-month,Electronic check,No
0009-TEST,30,48.71,,Male,0,No,No,No,Fiber optic,One year,Electronic check,Yes
0010-TEST,38,32.39,,Male,0,No,No,No,Fiber optic,Month-to-month,Credit card,No
0011-TEST,2,46.33,6111.83,Male,1,Yes,No,No,Fiber optic,Month-to-month,Bank transfer,No
0012-TEST,64,82.47,378.96,Female,0,Yes,No,No,Fiber optic,One year,Bank transfer,Yes
0013-TEST,60,67.93,5991.3,Female,0,No,Yes,Yes,Fiber optic,Two year,Bank transfer,Yes
0014-TEST,21,110.34,1699.6,Male,1,No,Yes,Yes,No,One year,Electronic check,No
0015-TEST,33,103.57,7668.78,Male,1,Yes,No,Yes,No,Month-to-month,Bank transfer,No
0016-TEST,58,60.76,3006.73,Male,1,Yes,Yes,Yes,Fiber optic,One year,Mailed check,No
0017-TEST,22,53.35,2682.76,Male,0,No,Yes,Yes,Fiber optic,Month-to-month,Electronic check,No
0018-TEST,49,64.17,1276.22,Female,0,No,No,No,No,Month-to-month,Bank transfer,Yes
0019-TEST,59,83.13,2514.27,Male,0,No,No,No,No,One year,Credit card,Yes
0020-TEST,42,54.13,7025.54,Female,0,No,Yes,Yes,No,Month-to-month,Electronic check,No
0021-TEST,60,86.17,7971.04,Male,0,No,No,Yes,Fiber optic,Two year,Mailed check,Yes
0022-TEST,15,66.85,3009.65,Male,0,Yes,No,Yes,DSL,Month-to-month,Mailed check,No
0023-TEST,62,79.68,3644.02,Male,0,No,No,No,DSL,One year,Credit card,No
0024-TEST,62,69.25,5804.36,Male,0,Yes,Yes,Yes,DSL,Two year,Credit card,Yes
0025-TEST,47,56.5,7100.95,Female,0,Yes,No,No,DSL,Two year,Electronic check,No
0026-TEST,62,115.36,4785.05,Female,0,Yes,Yes,No,Fiber optic,Month-to-month,Electronic check,Yes
0027-TEST,51,98.72,3193.05,Female,0,No,Yes,No,DSL,One year,Mailed check,No
0028-TEST,55,42.61,3359.71,Male,0,Yes,Yes,No,No,Month-to-month,Credit card,Yes
0029-TEST,64,108.16,5595.38,Male,0,Yes,No,Yes,No,Month-to-month,Electronic check,No
0030-TEST,3,73.87,125.42,Female,0,Yes,No,No,DSL,One year,Mailed check,No
0031-TEST,51,110.51,4994.76,Female,0,Yes,No,No,No,One year,Credit card,No
0032-TEST,7,101.99,2908.39,Male,0,No,No,Yes,Fiber optic,Month-to-month,Mailed check,No
0033-TEST,21,68.27,6374.16,Male,1,No,No,No,DSL,Two year,Bank transfer,Yes
0034-TEST,39,32.02,834.63,Female,0,Yes,Yes,No,DSL,Month-to-month,Credit card,No
0035-TEST,18,54.18,4746.8,Male,0,Yes,Yes,No,Fiber optic,Two year,Electronic check,No
0036-TEST,4,78.75,3899.69,Male,0,No,Yes,Yes,No,Month-to-month,Electronic check,No
0037-TEST,60,87.01,5174.37,Female,1,No,No,No,Fiber optic,One year,Bank transfer,Yes
0038-TEST,14,53.21,612.34,Male,0,No,Yes,No,Fiber optic,Two year,Credit card,No
0039-TEST,9,42.54,4681.87,Female,0,Yes,Yes,Yes,No,One year,Mailed check,Yes
0040-TEST,53,105.14,4535.73,Male,1,No,No,Yes,Fiber optic,One year,Electronic check,No
0041-TEST,2,118.6,4529.21,Female,0,Yes,No,No,No,One year,Bank transfer,Yes
0042-TEST,60,77.31,4867.55,Male,0,Yes,Yes,No,No,One year,Bank transfer,No
0043-TEST,71,45.45,5444.1,Female,0,No,Yes,Yes,Fiber optic,One year,Credit card,No
0044-TEST,44,54.51,6459.41,Female,0,Yes,No,No,No,Month-to-month,Credit card,No
0045-TEST,8,31.66,2231.58,Female,0,No,No,Yes,Fiber optic,Two year,Electronic check,No
0046-TEST,47,112.29,6617.89,Female,0,Yes,No,No,No,Month-to-month,Bank transfer,Yes
0047-TEST,35,40.6,4036.22,Male,1,No,No,Yes,DSL,Month-to-month,Mailed check,No
0048-TEST,36,81.89,708.76,Male,1,Yes,Yes,No,No,Month-to-month,Bank transfer,Yes
0049-TEST,50,54.66,562.55,Female,0,Yes,Yes,Yes,No,One year,Mailed check,No
0050-TEST,4,79.88,2740.48,Male,0,No,No,Yes,Fiber optic,Month-to-month,Mailed check,No
0051-TEST,2,88.63,6300.69,Male,0,No,Yes,Yes,No,Two year,Electronic check,No
0052-TEST,6,104.68,5690.68,Male,1,No,Yes,Yes,DSL,Month-to-month,Bank transfer,No
0053-TEST,54,48.58,6330.06,Male,1,No,No,Yes,DSL,One year,Mailed check,No
0054-TEST,4,30.99,4186.43,Male,0,Yes,Yes,No,No,Two year,Credit card,No
0055-TEST,54,42.32,3577.57,Female,1,No,Yes,No,No,Two year,Mailed check,Yes
0056-TEST,63,111.0,1264.87,Female,0,No,Yes,Yes,DSL,Two year,Credit card,No
0057-TEST,18,108.65,2692.72,Female,0,Yes,No,No,Fiber optic,Two year,Credit card,No
0058-TEST,44,83.77,3528.75,Female,0,No,No,No,DSL,Month-to-month,Bank transfer,No
0059-TEST,34,84.05,799.94,Male,0,No,Yes,No,DSL,One year,Credit card,Yes
0060-TEST,62,89.85,1842.83,Male,0,Yes,No,No,No,Two year,Mailed check,No
0061-TEST,14,45.78,4825.98,Female,0,No,No,No,No,Two year,Credit card,No
0062-TEST,48,112.3,5911.74,Male,0,No,No,No,DSL,One year,Bank transfer,Yes
0063-TEST,15,67.69,7986.95,Male,1,No,Yes,Yes,Fiber optic,Month-to-month,Electronic check,No
0064-TEST,62,64.48,7471.6,Female,0,No,Yes,No,DSL,Two year,Mailed check,No
0065-TEST,40,76.7,5176.27,Male,0,No,No,No,DSL,Month-to-month,Mailed check,No
0066-TEST,53,34.23,3427.86,Female,0,No,Yes,No,Fiber optic,Month-to-month,Bank transfer,No
0067-TEST,24,44.97,5125.8,Female,0,Yes,Yes,Yes,DSL,Month-to-month,Bank transfer,No
0068-TEST,26,96.42,6306.65,Male,0,No,Yes,No,DSL,Month-to-month,Bank transfer,Yes
0069-TEST,60,37.45,1034.86,Male,0,Yes,Yes,No,No,Two year,Bank transfer,No
0070-TEST,41,84.28,3338.25,Female,0,Yes,Yes,No,Fiber optic,Two year,Mailed check,Yes
0071-TEST,29,52.08,6734.44,Female,0,Yes,No,Yes,No,Month-to-month,Electronic check,No
0072-TEST,15,65.04,3132.28,Male,0,Yes,Yes,No,No,Month-to-month,Credit card,No
0073-TEST,45,55.98,4617.79,Female,0,No,Yes,Yes,Fiber optic,One year,Credit card,No
0074-TEST,65,62.01,4743.38,Female,0,No,Yes,No,Fiber optic,One year,Electronic check,No
0075-TEST,71,94.71,1557.36,Female,0,No,No,Yes,DSL,One year,Electronic check,Yes
0076-TEST,9,56.74,2961.66,Male,0,Yes,No,Yes,No,Two year,Electronic check,No
0077-TEST,1,80.98,2742.64,Female,1,No,No,Yes,Fiber optic,One year,Bank transfer,No
0078-TEST,8,72.84,306.95,Male,0,No,Yes,No,No,Two year,Mailed check,Yes
0079-TEST,63,89.73,291.11,Female,0,No,No,Yes,No,Two year,Mailed check,No
0080-TEST,11,114.31,6670.41,Male,0,Yes,No,Yes,Fiber optic,Two year,Mailed check,No
0081-TEST,8,95.93,2257.26,Female,0,Yes,No,Yes,DSL,Two year,Bank transfer,No
0082-TEST,35,49.34,4192.82,Male,0,No,No,Yes,No,One year,Mailed check,Yes
0083-TEST,35,32.81,2459.93,Male,1,Yes,Yes,No,Fiber optic,Month-to-month,Bank transfer,No
0084-TEST,33,53.6,7531.37,Male,1,Yes,No,No,DSL,Month-to-month,Mailed check,Yes
0085-TEST,5,83.56,2148.44,Female,1,No,No,No,No,Month-to-month,Electronic check,Yes
0086-TEST,41,34.63,3494.29,Female,0,Yes,Yes,No,Fiber optic,One year,Credit card,No
0087-TEST,28,74.67,6994.57,Female,0,Yes,Yes,Yes,No,Month-to-month,Credit card,Yes
0088-TEST,7,83.72,6751.28,Male,0,No,No,No,Fiber optic,One year,Bank transfer,Yes
0089-TEST,12,60.08,1570.2,Female,0,Yes,Yes,Yes,Fiber optic,One year,Mailed check,No
0090-TEST,34,99.38,6440.88,Male,0,Yes,No,No,No,One year,Credit card,No
0091-TEST,33,39.59,3719.68,Female,0,Yes,Yes,No,No,Month-to-month,Electronic check,Yes
0092-TEST,48,36.76,3915.45,Male,1,Yes,Yes,No,Fiber optic,Month-to-month,Electronic check,Yes
0093-TEST,23,95.54,1154.49,Male,0,Yes,No,Yes,DSL,Month-to-month,Electronic check,No
0094-TEST,62,74.59,736.75,Male,0,Yes,Yes,No,No,Two year,Bank transfer,No
0095-TEST,37,91.96,5850.72,Female,0,Yes,No,No,Fiber optic,One year,Bank transfer,Yes
0096-TEST,44,69.13,4022.04,Female,0,Yes,Yes,No,Fiber optic,Two year,Mailed check,Yes
0097-TEST,35,52.18,3551.12,Female,0,No,No,Yes,DSL,One year,Electronic check,Yes
0098-TEST,65,103.72,5863.12,Male,0,No,Yes,No,DSL,Month-to-month,Mailed check,Yes
0099-TEST,47,101.95,6147.55,Male,0,No,Yes,No,DSL,One year,Mailed check,Yes
0100-TEST,3,92.52,1355.37,Female,0,No,Yes,Yes,No,One year,Electronic check,No
0101-TEST,1,54.49,4920.78,Female,1,Yes,Yes,Yes,Fiber optic,Two year,Mailed check,Yes
0102-TEST,5,83.12,1169.3,Female,1,No,Yes,No,Fiber optic,One year,Credit card,No
0103-TEST,14,62.49,6035.86,Male,0,No,No,No,Fiber optic,Month-to-month,Bank transfer,Yes
0104-TEST,27,38.24,5289.95,Male,0,Yes,Yes,No,DSL,One year,Mailed check,No
0105-TEST,9,112.56,7657.26,Male,1,Yes,No,Yes,Fiber optic,One year,Electronic check,No
0106-TEST,15,42.31,644.77,Male,1,Yes,No,Yes,No,One year,Bank transfer,No
0107-TEST,42,115.52,550.73,Male,0,Yes,No,Yes,DSL,Two year,Bank transfer,No
0108-TEST,51,70.14,2329.28,Female,0,Yes,Yes,No,DSL,One year,Mailed check,No
0109-TEST,63,46.66,2167.47,Male,0,No,No,Yes,DSL,One year,Credit card,No
0110-TEST,52,78.77,2051.13,Male,1,Yes,Yes,No,DSL,Two year,Mailed check,No
0111-TEST,4,108.57,7259.41,Male,1,No,No,Yes,No,Two year,Credit card,No
0112-TEST,23,95.9,2071.41,Male,0,No,No,Yes,Fiber optic,Two year,Bank transfer,No
0113-TEST,15,102.59,2248.4,Male,1,Yes,No,Yes,No,Two year,Mailed check,No
0114-TEST,43,89.29,6099.25,Female,0,No,No,No,Fiber optic,Month-to-month,Electronic check,No
0115-TEST,29,92.3,3652.94,Male,1,No,No,No,No,Month-to-month,Mailed check,No
0116-TEST,36,106.43,6236.01,Male,0,Yes,Yes,No,DSL,One year,Credit card,Yes
0117-TEST,13,52.47,616.39,Male,1,No,No,No,DSL,Month-to-month,Credit card,Yes
0118-TEST,32,74.05,3951.81,Female,0,No,No,Yes,No,One year,Mailed check,No
0119-TEST,71,49.91,365.55,Female,0,No,Yes,No,No,Month-to-month,Credit card,Yes
0120-TEST,59,118.89,594.96,Female,0,Yes,Yes,Yes,Fiber optic,Two year,Bank transfer,No
0121-TEST,28,114.97,7260.86,Male,1,Yes,Yes,No,No,Two year,Mailed check,Yes
0122-TEST,66,33.55,1200.04,Female,1,Yes,No,No,No,Month-to-month,Credit card,No
0123-TEST,42,93.5,4306.12,Male,1,No,No,Yes,Fiber optic,Month-to-month,Mailed check,No
0124-TEST,45,113.27,3347.66,Male,1,Yes,No,Yes,Fiber optic,One year,Mailed check,No
0125-TEST,62,46.25,2844.01,Female,0,No,No,No,Fiber optic,One year,Electronic check,No
0126-TEST,57,81.12,7208.68,Male,0,Yes,No,No,No,One year,Mailed check,No
0127-TEST,6,112.39,272.4,Male,0,No,No,Yes,Fiber optic,Two year,Electronic check,No
0128-TEST,28,33.06,5343.94,Male,0,Yes,Yes,Yes,DSL,Two year,Credit card,No
0129-TEST,28,92.77,7710.82,Female,0,Yes,Yes,Yes,DSL,Two year,Electronic check,Yes
0130-TEST,44,56.76,4525.33,Male,0,No,No,Yes,DSL,Two year,Electronic check,No
0131-TEST,30,113.2,7500.9,Male,0,Yes,No,Yes,No,One year,Electronic check,No
0132-TEST,62,117.4,512.84,Female,0,No,No,No,DSL,Two year,Bank transfer,No
0133-TEST,62,114.98,3408.47,Male,0,Yes,No,No,No,Two year,Electronic check,No
0134-TEST,1,72.68,2155.25,Male,0,Yes,No,No,No,Two year,Mailed check,No
0135-TEST,27,107.58,5873.49,Female,1,No,Yes,No,DSL,Two year,Electronic check,Yes
0136-TEST,62,106.01,7852.25,Male,0,No,Yes,Yes,Fiber optic,Month-to-month,Mailed check,Yes
0137-TEST,3,58.72,2126.59,Male,1,No,No,Yes,No,One year,Electronic check,No
0138-TEST,70,104.6,5267.98,Male,0,Yes,Yes,Yes,DSL,One year,Bank transfer,No
0139-TEST,27,33.33,1664.97,Male,0,No,No,No,No,Two year,Credit card,No
0140-TEST,9,83.66,4566.11,Male,0,Yes,No,Yes,Fiber optic,Month-to-month,Electronic check,No
0141-TEST,62,50.7,3765.07,Female,0,No,No,Yes,Fiber optic,One year,Electronic check,No
0142-TEST,37,40.85,7778.84,Female,0,No,Yes,No,DSL,One year,Bank transfer,No
0143-TEST,51,36.93,4907.37,Female,0,No,Yes,No,No,Two year,Electronic check,No
0144-TEST,44,92.67,2861.1,Female,0,No,No,No,No,Two year,Mailed check,Yes
0145-TEST,24,60.59,1001.36,Male,0,No,Yes,Yes,No,One year,Electronic check,Yes
0146-TEST,59,95.23,1294.85,Male,0,No,Yes,Yes,No,One year,Electronic check,Yes
0147-TEST,32,35.88,1880.0,Male,0,Yes,No,No,DSL,Month-to-month,Credit card,Yes
0148-TEST,52,58.38,2082.64,Male,0,No,Yes,No,Fiber optic,One year,Credit card,Yes
0149-TEST,62,78.55,6819.87,Male,0,Yes,Yes,Yes,DSL,One year,Electronic check,Yes
0150-TEST,58,101.17,4533.66,Female,1,No,No,No,No,Two year,Bank transfer,No
0151-TEST,52,58.69,4234.79,Female,0,No,No,Yes,No,One year,Credit card,No
0152-TEST,12,86.33,1006.67,Male,0,No,Yes,No,Fiber optic,Two year,Electronic check,No
0153-TEST,39,109.74,6895.1,Male,1,Yes,No,No,No,One year,Credit card,Yes
0154-TEST,2,85.43,5810.23,Male,0,Yes,Yes,No,DSL,One year,Electronic check,No
0155-TEST,3,50.97,634.58,Female,0,No,No,Yes,DSL,One year,Credit card,No
0156-TEST,56,32.2,5691.9,Male,0,Yes,No,Yes,Fiber optic,Month-to-month,Credit card,Yes
0157-TEST,59,108.31,4393.95,Male,0,No,No,No,DSL,Two year,Mailed check,No
0158-TEST,2,31.91,745.63,Male,0,No,No,Yes,DSL,Month-to-month,Electronic check,Yes
0159-TEST,2,108.72,3720.58,Female,1,Yes,Yes,No,DSL,One year,Electronic check,No
0160-TEST,54,77.6,3929.1,Male,0,Yes,No,No,DSL,Month-to-month,Electronic check,No
0161-TEST,1,114.52,1409.62,Female,0,Yes,No,Yes,No,Two year,Electronic check,No
0162-TEST,19,101.89,7571.02,Female,0,Yes,No,Yes,DSL,One year,Credit card,No
0163-TEST,2,119.81,6814.81,Female,0,No,Yes,Yes,Fiber optic,Month-to-month,Mailed check,No
0164-TEST,53,61.56,5385.28,Female,0,Yes,Yes,Yes,Fiber optic,Month-to-month,Mailed check,No
0165-TEST,44,99.05,3752.13,Female,0,Yes,No,No,DSL,Two year,Bank transfer,No
0166-TEST,32,66.17,3352.95,Female,0,No,No,Yes,Fiber optic,Month-to-month,Electronic check,Yes
0167-TEST,70,73.19,5242.69,Male,0,Yes,No,Yes,DSL,Two year,Bank transfer,Yes
0168-TEST,32,86.48,4408.91,Male,0,Yes,No,No,Fiber optic,One year,Credit card,No
0169-TEST,68,108.63,591.96,Male,0,Yes,No,No,Fiber optic,One year,Bank transfer,No
0170-TEST,55,118.57,4148.77,Female,1,Yes,No,No,DSL,Month-to-month,Electronic check,No
0171-TEST,56,99.14,6470.59,Male,0,No,Yes,No,DSL,One year,Mailed check,Yes
0172-TEST,17,67.6,3728.0,Female,0,No,No,Yes,No,One year,Mailed check,No
0173-TEST,38,67.92,510.46,Female,0,Yes,No,Yes,DSL,Month-to-month,Electronic check,Yes
0174-TEST,24,96.38,6311.6,Female,0,Yes,No,No,DSL,One year,Credit card,No
0175-TEST,69,51.49,1690.77,Male,0,No,No,No,No,Month-to-month,Electronic check,No
0176-TEST,70,39.94,2143.1,Female,0,Yes,No,Yes,DSL,Two year,Credit card,No
0177-TEST,11,61.92,1401.18,Female,0,Yes,No,Yes,DSL,Two year,Mailed check,Yes
0178-TEST,16,55.85,2708.7,Male,1,Yes,Yes,Yes,No,Two year,Credit card,No
0179-TEST,59,56.67,6078.34,Male,0,Yes,Yes,Yes,DSL,Month-to-month,Electronic check,No
0180-TEST,70,51.02,4203.15,Female,0,Yes,Yes,Yes,DSL,Month-to-month,Electronic check,No
0181-TEST,3,33.79,1718.56,Female,1,Yes,Yes,No,No,One year,Electronic check,No
0182-TEST,20,31.61,7034.86,Male,1,Yes,Yes,No,No,One year,Credit card,No
0183-TEST,59,118.9,7048.7,Male,1,Yes,Yes,No,Fiber optic,One year,Credit card,No
0184-TEST,36,68.5,6977.57,Male,0,Yes,No,No,DSL,One year,Credit card,No
0185-TEST,19,64.59,1986.49,Female,0,No,No,Yes,Fiber optic,One year,Mailed check,Yes
0186-TEST,67,91.17,3664.79,Male,0,No,No,No,Fiber optic,Month-to-month,Bank transfer,No
0187-TEST,19,49.64,7881.42,Male,0,No,No,Yes,No,Month-to-month,Bank transfer,No
0188-TEST,20,115.5,6198.9,Male,0,Yes,No,Yes,DSL,Two year,Electronic check,Yes
0189-TEST,71,100.77,314.62,Female,0,Yes,No,Yes,DSL,Two year,Mailed check,No
0190-TEST,52,38.05,615.12,Male,1,No,Yes,Yes,No,Two year,Credit card,No
0191-TEST,33,67.58,3765.06,Male,0,Yes,No,Yes,Fiber optic,Two year,Electronic check,Yes
0192-TEST,40,109.12,7282.84,Male,1,No,Yes,Yes,No,Month-to-month,Mailed check,No
0193-TEST,39,115.03,4355.74,Male,0,Yes,Yes,Yes,DSL,Month-to-month,Electronic check,Yes
0194-TEST,1,72.07,4032.72,Male,0,No,No,No,No,Month-to-month,Mailed check,No
0195-TEST,11,85.21,933.24,Female,0,No,No,Yes,DSL,One year,Mailed check,No
0196-TEST,57,45.03,5288.56,Female,0,No,No,No,Fiber optic,One year,Bank transfer,No
0197-TEST,50,119.21,6594.61,Female,0,Yes,No,No,DSL,Two year,Electronic check,No
0198-TEST,23,50.85,3105.32,Male,0,No,No,Yes,Fiber optic,One year,Credit card,No
0199-TEST,31,114.85,6227.33,Female,1,Yes,No,Yes,Fiber optic,Month-to-month,Bank transfer,No
0200-TEST,42,88.47,7719.37,Female,0,Yes,No,No,DSL,Two year,Bank transfer,Yes
0201-TEST,7,84.7,1709.76,Female,0,Yes,Yes,No,DSL,Two year,Credit card,Yes
0202-TEST,16,76.14,4234.3,Male,0,Yes,No,No,Fiber optic,One year,Mailed check,Yes
0203-TEST,60,50.76,2368.39,Male,0,Yes,No,No,No,Two year,Credit card,No
0204-TEST,2,45.89,6363.55,Female,0,Yes,Yes,Yes,DSL,One year,Electronic check,Yes
0205-TEST,1,49.84,4662.99,Female,0,Yes,No,Yes,Fiber optic,One year,Credit card,Yes
0206-TEST,48,46.78,5113.2,Male,0,No,No,Yes,Fiber optic,Two year,Mailed check,No
0207-TEST,12,100.16,6403.52,Male,0,No,Yes,No,No,One year,Credit card,No
0208-TEST,69,61.51,3228.17,Female,0,No,No,Yes,DSL,One year,Mailed check,No
0209-TEST,37,35.21,7329.21,Male,0,Yes,No,No,Fiber optic,One year,Mailed check,Yes
0210-TEST,32,117.22,4310.93,Female,0,Yes,No,Yes,No,One year,Electronic check,Yes
0211-TEST,9,109.54,1347.84,Male,0,Yes,No,No,Fiber optic,Two year,Credit card,No
0212-TEST,19,113.5,5597.6,Female,0,Yes,No,Yes,DSL,Month-to-month,Credit card,No
0213-TEST,48,119.54,6366.76,Female,0,No,No,Yes,No,Month-to-month,Electronic check,No
0214-TEST,3,45.65,2602.42,Male,0,Yes,Yes,No,Fiber optic,One year,Mailed check,No
0215-TEST,20,65.66,6871.72,Female,1,No,No,No,No,One year,Credit card,No
0216-TEST,24,98.24,7258.53,Female,0,Yes,No,No,DSL,One year,Electronic check,Yes
0217-TEST,54,92.64,2287.55,Female,1,No,Yes,No,No,Month-to-month,Mailed check,No
0218-TEST,33,43.85,7869.82,Male,1,Yes,Yes,No,DSL,One year,Electronic check,No
0219-TEST,24,103.42,1211.62,Male,0,No,No,Yes,Fiber optic,Two year,Credit card,No
0220-TEST,36,50.2,1695.92,Male,0,Yes,Yes,No,DSL,Two year,Electronic check,No
0221-TEST,38,50.14,1555.38,Female,0,No,No,Yes,Fiber optic,Two year,Bank transfer,No
0222-TEST,25,78.33,7162.52,Male,0,Yes,No,Yes,Fiber optic,Month-to-month,Mailed check,Yes
0223-TEST,18,83.36,5268.91,Female,0,No,Yes,Yes,DSL,One year,Bank transfer,No
0224-TEST,66,82.21,1301.62,Female,0,No,No,Yes,Fiber optic,One year,Bank transfer,No
0225-TEST,54,38.23,3578.56,Male,0,Yes,No,Yes,No,One year,Mailed check,No
0226-TEST,35,108.97,4960.85,Male,1,No,Yes,No,Fiber optic,Month-to-month,Mailed check,No
0227-TEST,61,53.9,759.37,Female,0,Yes,Yes,No,DSL,Month-to-month,Electronic check,No
0228-TEST,41,41.66,7071.09,Female,0,Yes,Yes,Yes,No,Month-to-month,Mailed check,No
0229-TEST,33,109.99,6448.47,Male,0,Yes,Yes,Yes,No,Month-to-month,Bank transfer,No
0230-TEST,68,116.01,4091.13,Male,0,No,No,No,Fiber optic,Two year,Bank transfer,Yes
0231-TEST,33,107.59,7740.3,Male,0,No,Yes,No,Fiber optic,Month-to-month,Credit card,No
0232-TEST,14,102.86,3400.31,Female,1,Yes,Yes,Yes,DSL,Month-to-month,Mailed check,Yes
0233-TEST,21,88.97,7874.47,Female,0,Yes,Yes,No,No,Month-to-month,Bank transfer,No
0234-TEST,48,79.58,5376.57,Female,0,No,Yes,No,DSL,One year,Credit card,No
0235-TEST,20,37.83,5113.9,Female,0,No,Yes,No,Fiber optic,One year,Credit card,No
0236-TEST,8,66.76,1411.04,Female,1,No,No,Yes,No,One year,Electronic check,No
0237-TEST,7,63.54,7067.23,Male,0,Yes,Yes,No,DSL,Two year,Bank transfer,No
0238-TEST,67,53.38,3477.17,Male,0,Yes,No,Yes,DSL,Two year,Electronic check,Yes
0239-TEST,17,95.11,1381.64,Female,0,Yes,Yes,Yes,DSL,Month-to-month,Bank transfer,No
0240-TEST,33,74.63,199.6,Female,0,Yes,Yes,Yes,DSL,One year,Electronic check,Yes
0241-TEST,48,37.29,4522.07,Male,0,Yes,Yes,Yes,DSL,Two year,Electronic check,No
0242-TEST,59,49.82,4266.46,Male,0,No,Yes,Yes,No,One year,Mailed check,No
0243-TEST,22,91.49,5782.89,Male,0,Yes,Yes,No,DSL,Two year,Electronic check,No
0244-TEST,30,36.85,7133.04,Male,0,No,Yes,Yes,No,Two year,Mailed check,No
0245-TEST,38,106.61,727.31,Female,1,No,Yes,Yes,DSL,Month-to-month,Credit card,Yes
0246-TEST,51,74.56,5878.82,Male,0,Yes,Yes,Yes,Fiber optic,Month-to-month,Bank transfer,Yes
0247-TEST,54,73.25,1580.55,Female,0,No,No,No,Fiber optic,Two year,Credit card,No
0248-TEST,8,83.32,6879.6,Male,0,Yes,Yes,No,DSL,Month-to-month,Bank transfer,No
0249-TEST,27,104.22,6570.6,Male,0,No,No,No,Fiber optic,Two year,Credit card,Yes
0250-TEST,27,61.3,4372.27,Male,1,Yes,Yes,No,No,Two year,Bank transfer,No
0251-TEST,21,91.02,5710.92,Female,0,Yes,No,No,DSL,One year,Electronic check,No
0252-TEST,30,80.92,2583.37,Female,0,No,Yes,No,No,Month-to-month,Bank transfer,Yes
0253-TEST,28,54.03,3822.23,Male,0,Yes,Yes,No,DSL,Month-to-month,Bank transfer,No
0254-TEST,64,109.08,6590.93,Female,0,No,Yes,Yes,Fiber optic,Month-to-month,Credit card,Yes
0255-TEST,69,101.77,3728.2,Female,0,Yes,No,Yes,No,One year,Credit card,No
0256-TEST,61,89.26,2926.61,Male,0,Yes,No,No,Fiber optic,One year,Credit card,No
0257-TEST,48,106.55,4004.28,Male,0,Yes,No,Yes,Fiber optic,One year,Mailed check,No
0258-TEST,19,108.06,6643.17,Female,1,No,No,Yes,DSL,Month-to-month,Mailed check,No
0259-TEST,4,93.75,2748.14,Female,0,No,Yes,No,No,Month-to-month,Bank transfer,Yes
0260-TEST,35,105.33,1472.72,Female,0,Yes,Yes,Yes,Fiber optic,Month-to-month,Bank transfer,No
0261-TEST,64,92.77,5724.91,Male,1,No,Yes,Yes,DSL,One year,Electronic check,No
0262-TEST,49,91.21,6625.23,Male,0,Yes,No,No,DSL,One year,Electronic check,Yes
0263-TEST,17,85.68,895.04,Female,0,No,Yes,Yes,DSL,Two year,Bank transfer,No
0264-TEST,44,97.74,1995.01,Male,0,No,No,No,Fiber optic,One year,Mailed check,No
0265-TEST,30,44.27,1221.58,Male,0,Yes,No,No,DSL,Two year,Bank transfer,No
0266-TEST,46,109.28,2848.74,Female,0,Yes,No,Yes,No,Month-to-month,Electronic check,No
0267-TEST,6,108.47,3657.77,Female,0,Yes,No,Yes,No,One year,Mailed check,Yes
0268-TEST,37,32.63,6015.73,Male,1,Yes,No,Yes,Fiber optic,Month-to-month,Mailed check,Yes
0269-TEST,24,104.32,5244.07,Male,0,Yes,Yes,No,No,Month-to-month,Electronic check,No
0270-TEST,46,41.6,5005.34,Female,0,No,No,No,DSL,Month-to-month,Bank transfer,Yes
0271-TEST,53,60.16,2883.76,Male,0,No,No,No,Fiber optic,Month-to-month,Credit card,No
0272-TEST,60,96.92,6747.44,Male,0,Yes,Yes,Yes,DSL,One year,Bank transfer,No
0273-TEST,63,44.47,3823.17,Female,0,Yes,No,Yes,Fiber optic,Month-to-month,Bank transfer,No
0274-TEST,32,103.62,7834.93,Female,0,Yes,No,No,Fiber optic,Two year,Electronic check,No
0275-TEST,33,104.89,5109.72,Male,1,No,Yes,Yes,DSL,One year,Mailed check,No
0276-TEST,67,75.67,1097.49,Male,0,Yes,Yes,Yes,No,Month-to-month,Electronic check,No
0277-TEST,18,30.57,5441.8,Male,0,Yes,Yes,No,No,One year,Bank transfer,No
0278-TEST,25,55.83,2668.32,Female,0,No,No,No,Fiber optic,Two year,Credit card,Yes
0279-TEST,54,85.52,5521.98,Male,0,No,Yes,Yes,DSL,Month-to-month,Credit card,No
0280-TEST,58,118.31,650.17,Male,0,No,Yes,No,DSL,Two year,Credit card,No
0281-TEST,67,86.86,1481.56,Female,0,No,Yes,Yes,Fiber optic,Month-to-month,Electronic check,Yes
0282-TEST,46,53.38,6860.32,Female,0,Yes,No,No,No,Two year,Mailed check,No
0283-TEST,24,87.06,1894.72,Male,0,No,Yes,No,DSL,Month-to-month,Electronic check,Yes
0284-TEST,32,78.6,6712.62,Female,0,No,No,No,No,One year,Credit card,No
0285-TEST,47,100.19,2306.28,Female,0,Yes,No,Yes,No,Month-to-month,Bank transfer,No
0286-TEST,23,39.63,5178.77,Male,0,Yes,Yes,Yes,Fiber optic,One year,Mailed check,Yes
0287-TEST,66,98.49,5583.79,Female,1,Yes,No,No,Fiber optic,Month-to-month,Electronic check,No
0288-TEST,27,78.71,4149.97,Female,0,No,No,No,No,Month-to-month,Electronic check,No
0289-TEST,2,116.67,2511.95,Male,0,Yes,Yes,No,DSL,Two year,Mailed check,Yes
0290-TEST,17,60.77,1779.89,Female,0,No,No,Yes,DSL,Two year,Mailed check,No
0291-TEST,33,86.94,362.2,Male,0,No,Yes,No,Fiber optic,Two year,Bank transfer,No
0292-TEST,9,113.88,2501.18,Male,0,No,No,No,No,Month-to-month,Mailed check,No
0293-TEST,43,39.23,5259.99,Female,0,Yes,No,No,DSL,Month-to-month,Bank transfer,No
0294-TEST,48,114.35,7512.61,Female,0,No,Yes,No,DSL,Month-to-month,Credit card,Yes
0295-TEST,39,91.91,6982.52,Female,1,Yes,Yes,Yes,Fiber optic,One year,Credit card,No
0296-TEST,42,36.11,6151.91,Male,0,Yes,No,Yes,No,One year,Electronic check,Yes
0297-TEST,26,57.09,6328.73,Female,0,Yes,No,No,DSL,Month-to-month,Credit card,No
0298-TEST,50,93.74,5353.38,Male,0,No,Yes,Yes,Fiber optic,Two year,Credit card,No
0299-TEST,25,36.06,2156.27,Female,1,No,No,Yes,DSL,Two year,Bank transfer,No
0300-TEST,24,82.4,7266.84,Female,0,No,No,Yes,DSL,Two year,Electronic check,Yes
0301-TEST,13,61.13,5398.79,Female,0,Yes,No,No,DSL,Month-to-month,Mailed check,No
0302-TEST,60,85.88,4527.48,Male,0,No,No,Yes,Fiber optic,Two year,Electronic check,No
0303-TEST,7,34.12,976.82,Female,0,No,Yes,Yes,No,Month-to-month,Credit card,No
0304-TEST,57,108.44,3631.74,Female,0,No,Yes,Yes,Fiber optic,One year,Mailed check,No
0305-TEST,36,117.61,3736.83,Male,1,No,Yes,No,No,Two year,Electronic check,No
0306-TEST,45,117.2,6930.05,Male,0,No,Yes,No,DSL,One year,Electronic check,No
0307-TEST,20,97.47,4418.52,Female,1,Yes,Yes,Yes,No,Two year,Electronic check,No
0308-TEST,65,41.71,3105.16,Female,0,Yes,Yes,Yes,DSL,Month-to-month,Electronic check,No
0309-TEST,8,98.24,7816.72,Female,0,Yes,No,No,DSL,Month-to-month,Bank transfer,No
0310-TEST,16,32.21,974.69,Male,0,Yes,Yes,No,Fiber optic,Month-to-month,Electronic check,No
0311-TEST,14,31.99,3438.13,Male,0,No,No,Yes,DSL,Month-to-month,Credit card,Yes
0312-TEST,15,59.12,431.99,Male,1,Yes,No,Yes,Fiber optic,Two year,Credit card,No
0313-TEST,66,73.98,5945.24,Male,1,No,No,No,No,One year,Bank transfer,No
0314-TEST,32,99.34,7352.8,Female,1,Yes,Yes,No,No,Month-to-month,Mailed check,Yes
0315-TEST,63,91.5,2312.29,Male,0,Yes,No,Yes,DSL,Two year,Mailed check,No
0316-TEST,51,70.13,6880.9,Male,0,Yes,Yes,No,Fiber optic,One year,Credit card,No
0317-TEST,25,54.63,2408.52,Male,0,No,No,Yes,DSL,Month-to-month,Credit card,No
0318-TEST,58,119.74,7295.08,Female,1,No,No,Yes,Fiber optic,One year,Bank transfer,No
0319-TEST,63,68.36,6056.3,Female,0,Yes,Yes,Yes,Fiber optic,Month-to-month,Mailed check,Yes
0320-TEST,62,70.62,6458.76,Male,0,No,No,No,Fiber optic,One year,Mailed check,Yes
0321-TEST,22,44.73,242.25,Male,0,Yes,No,Yes,No,One year,Electronic check,No
0322-TEST,58,101.53,7706.2,Female,0,Yes,No,Yes,Fiber optic,Month-to-month,Electronic check,Yes
0323-TEST,58,92.43,5840.7,Female,1,Yes,No,No,No,Two year,Electronic check,No
0324-TEST,49,49.87,2507.53,Female,0,No,Yes,No,Fiber optic,One year,Bank transfer,No
0325-TEST,52,37.41,6652.22,Female,0,Yes,No,Yes,No,Month-to-month,Credit card,No
0326-TEST,42,91.24,2324.02,Female,0,Yes,No,Yes,No,One year,Bank transfer,No
0327-TEST,70,88.91,6994.76,Female,0,Yes,Yes,No,No,One year,Mailed check,No
0328-TEST,15,54.59,989.39,Female,0,No,No,No,DSL,Two year,Credit card,No
0329-TEST,54,115.58,5659.12,Female,0,Yes,No,No,Fiber optic,One year,Electronic check,Yes
0330-TEST,60,43.6,4371.52,Male,1,No,No,Yes,DSL,One year,Bank transfer,No
0331-TEST,8,68.91,862.62,Male,1,Yes,No,Yes,Fiber optic,Month-to-month,Bank transfer,No
0332-TEST,53,114.93,2010.96,Male,0,No,Yes,Yes,Fiber optic,Month-to-month,Electronic check,Yes
0333-TEST,60,67.78,197.99,Male,0,Yes,No,No,DSL,Two year,Bank transfer,No
0334-TEST,5,87.47,3803.27,Male,1,Yes,Yes,Yes,No,One year,Electronic check,Yes
0335-TEST,68,65.78,2480.0,Male,0,No,No,No,Fiber optic,One year,Mailed check,No
0336-TEST,6,54.68,4827.02,Female,0,No,No,Yes,No,One year,Credit card,Yes
0337-TEST,47,118.56,2448.18,Female,0,Yes,No,No,DSL,Two year,Mailed check,Yes
0338-TEST,55,66.84,2469.36,Male,0,No,Yes,Yes,No,One year,Mailed check,Yes
0339-TEST,40,110.47,5971.23,Male,0,Yes,No,Yes,Fiber optic,Month-to-month,Electronic check,No
0340-TEST,52,50.7,480.33,Female,1,Yes,No,No,Fiber optic,Two year,Bank transfer,No
0341-TEST,16,49.18,7232.87,Female,0,Yes,Yes,No,Fiber optic,Month-to-month,Mailed check,No
0342-TEST,13,32.8,6832.88,Female,0,No,Yes,Yes,DSL,Month-to-month,Mailed check,No
0343-TEST,30,88.65,5375.66,Male,0,Yes,Yes,No,Fiber optic,Two year,Mailed check,No
0344-TEST,19,63.17,4786.45,Female,0,No,Yes,No,DSL,Month-to-month,Bank transfer,Yes
0345-TEST,17,107.79,7149.19,Male,0,Yes,No,Yes,No,One year,Bank transfer,No
0346-TEST,63,72.59,1564.11,Male,0,No,No,No,Fiber optic,Two year,Electronic check,No
0347-TEST,19,117.14,723.86,Female,0,No,No,Yes,Fiber optic,Month-to-month,Mailed check,No
0348-TEST,58,46.7,1992.13,Female,0,Yes,No,Yes,Fiber optic,One year,Credit card,Yes
0349-TEST,55,108.18,6377.17,Male,1,No,Yes,No,No,One year,Bank transfer,No
0350-TEST,62,99.89,373.9,Female,1,Yes,No,No,Fiber optic,Month-to-month,Electronic check,Yes
0351-TEST,23,99.38,4704.17,Female,0,Yes,No,Yes,DSL,One year,Mailed check,No
0352-TEST,9,106.03,7963.96,Male,0,Yes,No,Yes,No,Two year,Credit card,Yes
0353-TEST,12,98.49,6860.0,Female,0,Yes,No,Yes,No,Month-to-month,Bank transfer,No
0354-TEST,1,86.36,4219.42,Male,0,Yes,Yes,Yes,No,One year,Credit card,No
0355-TEST,58,41.81,602.76,Male,0,No,No,Yes,No,One year,Bank transfer,No
0356-TEST,1,32.93,6667.85,Female,0,Yes,No,Yes,No,Month-to-month,Electronic check,No
0357-TEST,34,112.88,4831.93,Male,0,No,No,No,DSL,Month-to-month,Credit card,No
0358-TEST,48,85.5,1007.97,Male,1,No,Yes,No,No,Month-to-month,Mailed check,No
0359-TEST,1,101.69,841.47,Female,1,Yes,Yes,No,Fiber optic,Month-to-month,Mailed check,No
0360-TEST,16,73.34,7286.05,Female,1,No,No,Yes,No,Two year,Bank transfer,No
0361-TEST,61,40.56,5386.68,Female,0,Yes,No,No,No,Month-to-month,Mailed check,No
0362-TEST,64,41.27,6651.37,Male,0,No,No,Yes,No,Two year,Credit card,Yes
0363-TEST,63,91.7,7043.93,Male,0,No,Yes,Yes,No,Two year,Electronic check,No
0364-TEST,69,68.73,4617.0,Female,0,No,No,No,No,Month-to-month,Bank transfer,No
0365-TEST,22,48.05,4187.83,Male,0,Yes,No,Yes,DSL,Two year,Credit card,No
0366-TEST,67,74.24,3500.38,Female,0,No,No,Yes,DSL,Month-to-month,Bank transfer,No
0367-TEST,26,35.78,2603.88,Female,0,Yes,Yes,Yes,No,Month-to-month,Electronic check,No
0368-TEST,16,82.38,3533.31,Male,1,No,No,Yes,DSL,One year,Bank transfer,Yes
0369-TEST,51,54.21,6213.65,Female,0,No,No,Yes,Fiber optic,Month-to-month,Mailed check,Yes
0370-TEST,57,101.78,4855.2,Male,0,No,Yes,Yes,No,One year,Mailed check,Yes
0371-TEST,29,57.93,7150.93,Male,0,No,Yes,No,Fiber optic,Two year,Bank transfer,No
0372-TEST,69,70.97,3602.7,Female,0,Yes,No,Yes,Fiber optic,One year,Electronic check,No
0373-TEST,47,31.05,4896.01,Male,0,Yes,Yes,Yes,No,Two year,Electronic check,No
0374-TEST,62,36.52,5087.33,Female,0,No,No,Yes,Fiber optic,Month-to-month,Mailed check,No
0375-TEST,69,65.32,4774.41,Male,0,No,Yes,Yes,Fiber optic,Two year,Electronic check,Yes
0376-TEST,16,73.19,5650.81,Male,0,Yes,Yes,No,Fiber optic,Two year,Bank transfer,No
0377-TEST,48,84.0,1975.72,Male,0,Yes,No,No,No,Month-to-month,Credit card,No
0378-TEST,39,56.25,4147.67,Female,0,Yes,No,Yes,No,Two year,Bank transfer,No
0379-TEST,33,92.55,923.38,Male,0,Yes,No,Yes,Fiber optic,Month-to-month,Mailed check,No
0380-TEST,23,107.41,3137.64,Female,1,No,Yes,Yes,No,One year,Mailed check,No
0381-TEST,10,100.19,3952.57,Male,0,No,No,No,No,Month-to-month,Mailed check,No
0382-TEST,69,33.57,5252.57,Male,0,Yes,No,No,Fiber optic,Month-to-month,Electronic check,No
0383-TEST,34,73.25,7609.2,Female,0,Yes,No,No,No,Two year,Bank transfer,Yes
0384-TEST,52,39.44,4845.14,Female,1,Yes,No,No,DSL,One year,Credit card,Yes
0385-TEST,10,51.78,5974.39,Female,1,Yes,No,Yes,No,Month-to-month,Bank transfer,No
0386-TEST,19,118.8,4099.5,Female,0,Yes,Yes,No,DSL,One year,Credit card,No
0387-TEST,58,42.82,5109.42,Female,0,Yes,No,No,Fiber optic,One year,Bank transfer,No
0388-TEST,1,74.9,660.36,Male,1,No,No,Yes,No,Two year,Mailed check,No
0389-TEST,69,85.63,2109.69,Male,0,No,Yes,Yes,Fiber optic,Month-to-month,Credit card,No
0390-TEST,4,93.22,2958.64,Female,0,No,No,No,Fiber optic,Two year,Bank transfer,Yes
0391-TEST,16,80.37,3832.7,Male,0,Yes,No,No,Fiber optic,Month-to-month,Electronic check,No
0392-TEST,24,30.88,460.63,Male,1,Yes,No,No,Fiber optic,One year,Electronic check,No
0393-TEST,2,59.38,1206.19,Male,1,Yes,No,No,Fiber optic,Month-to-month,Bank transfer,Yes
0394-TEST,32,76.59,2286.83,Female,0,No,No,Yes,No,Month-to-month,Mailed check,No
0395-TEST,24,37.91,7775.11,Male,0,Yes,Yes,Yes,DSL,One year,Credit card,No
0396-TEST,12,61.56,2717.64,Male,0,Yes,Yes,No,No,One year,Bank transfer,No
0397-TEST,50,32.99,3908.12,Male,0,No,Yes,No,No,Month-to-month,Electronic check,No
0398-TEST,35,37.07,1649.17,Female,1,Yes,No,No,No,Two year,Credit card,No
0399-TEST,33,65.72,4925.16,Male,0,No,Yes,No,No,Month-to-month,Electronic check,No
0400-TEST,33,41.94,2317.4,Male,0,No,No,No,DSL,One year,Electronic check,No
0401-TEST,61,81.08,1735.24,Female,0,Yes,No,Yes,No,Two year,Bank transfer,No
0402-TEST,51,92.05,4180.92,Female,0,No,No,Yes,Fiber optic,One year,Electronic check,No
0403-TEST,43,102.05,143.5,Male,0,Yes,Yes,Yes,No,One year,Credit card,No
0404-TEST,12,48.01,160.55,Male,0,No,Yes,No,No,Two year,Mailed check,Yes
0405-TEST,67,45.07,1830.64,Female,0,Yes,Yes,No,DSL,One year,Bank transfer,Yes
0406-TEST,65,39.41,390.1,Female,0,No,No,Yes,DSL,One year,Credit card,No
0407-TEST,33,87.28,953.4,Female,0,Yes,Yes,Yes,Fiber optic,One year,Bank transfer,No
0408-TEST,40,93.58,2777.0,Female,0,No,No,No,No,One year,Electronic check,No
0409-TEST,43,32.84,6440.43,Female,0,No,Yes,Yes,No,One year,Electronic check,Yes
0410-TEST,44,114.26,4619.18,Female,1,No,Yes,No,No,One year,Credit card,No
0411-TEST,29,34.68,4150.08,Female,1,Yes,No,No,Fiber optic,One year,Credit card,No
0412-TEST,13,78.72,2418.56,Male,1,Yes,No,Yes,DSL,One year,Mailed check,Yes
0413-TEST,12,93.82,7460.85,Female,0,No,Yes,Yes,Fiber optic,One year,Credit card,Yes
0414-TEST,46,108.39,3236.42,Female,1,Yes,Yes,Yes,No,Month-to-month,Credit card,No
0415-TEST,2,94.27,788.03,Male,0,No,Yes,No,DSL,Month-to-month,Bank transfer,No
0416-TEST,35,102.16,4974.83,Female,0,Yes,No,No,DSL,One year,Electronic check,Yes
0417-TEST,8,60.55,999.32,Female,0,No,No,Yes,Fiber optic,Month-to-month,Credit card,No
0418-TEST,26,103.33,2827.26,Male,0,Yes,Yes,No,DSL,Two year,Mailed check,No
0419-TEST,34,37.21,4108.55,Female,0,No,Yes,No,DSL,Month-to-month,Credit card,No
0420-TEST,7,110.53,7006.36,Male,0,No,No,No,No,One year,Electronic check,No
0421-TEST,68,79.28,3999.02,Male,0,No,Yes,Yes,No,One year,Credit card,No
0422-TEST,58,103.56,5647.84,Male,0,No,No,No,DSL,Month-to-month,Bank transfer,Yes
0423-TEST,29,70.71,7943.25,Male,0,Yes,No,Yes,DSL,One year,Electronic check,No
0424-TEST,36,87.92,1138.76,Female,0,No,No,Yes,Fiber optic,Two year,Credit card,No
0425-TEST,21,77.38,2270.38,Male,0,Yes,No,No,Fiber optic,Two year,Bank transfer,No
0426-TEST,36,95.84,3217.15,Male,1,Yes,No,Yes,DSL,One year,Electronic check,No
0427-TEST,10,37.35,3432.44,Female,1,No,No,No,No,Two year,Credit card,Yes
0428-TEST,24,35.43,3347.07,Male,0,Yes,Yes,Yes,DSL,Two year,Bank transfer,No
0429-TEST,64,52.24,7270.13,Male,0,Yes,No,Yes,DSL,Month-to-month,Mailed check,No
0430-TEST,49,44.36,5740.86,Male,0,Yes,No,No,No,Two year,Bank transfer,No
0431-TEST,36,108.46,4902.45,Male,1,No,Yes,Yes,No,Month-to-month,Mailed check,No
0432-TEST,24,49.73,2544.04,Female,0,Yes,No,Yes,Fiber optic,One year,Credit card,Yes
0433-TEST,23,117.83,6607.94,Male,0,Yes,Yes,Yes,Fiber optic,Month-to-month,Bank transfer,No
0434-TEST,62,60.32,7644.98,Female,0,No,No,No,Fiber optic,One year,Mailed check,No
0435-TEST,37,46.39,6587.47,Female,0,No,Yes,No,Fiber optic,One year,Electronic check,No
0436-TEST,12,101.07,112.36,Male,0,Yes,Yes,Yes,No,One year,Bank transfer,Yes
0437-TEST,55,89.28,5127.57,Male,1,No,No,Yes,DSL,One year,Credit card,No
0438-TEST,13,74.84,503.97,Male,0,Yes,No,Yes,Fiber optic,One year,Electronic check,No
0439-TEST,23,79.98,2135.1,Male,0,Yes,No,No,Fiber optic,Month-to-month,Mailed check,Yes
0440-TEST,30,94.73,570.25,Female,1,Yes,No,No,No,One year,Bank transfer,No
0441-TEST,17,50.56,4869.98,Female,1,No,Yes,Yes,No,Two year,Bank transfer,No
0442-TEST,62,119.67,5524.06,Female,0,Yes,Yes,No,DSL,Two year,Credit card,Yes
0443-TEST,13,117.73,1004.45,Male,0,No,Yes,No,DSL,One year,Electronic check,No
0444-TEST,59,88.53,3132.33,Female,0,No,No,No,No,Two year,Bank transfer,No
0445-TEST,19,47.96,3704.27,Male,1,Yes,Yes,No,Fiber optic,Month-to-month,Bank transfer,No
0446-TEST,49,91.22,3015.52,Male,0,No,No,Yes,Fiber optic,Month-to-month,Electronic check,No
0447-TEST,12,36.5,1056.1,Male,1,No,No,No,Fiber optic,One year,Bank transfer,No
0448-TEST,61,32.76,3409.69,Male,0,No,Yes,No,DSL,One year,Electronic check,Yes
0449-TEST,19,53.19,6034.31,Male,0,No,No,Yes,Fiber optic,One year,Electronic check,No
0450-TEST,9,71.64,660.96,Female,0,No,Yes,Yes,Fiber optic,Two year,Electronic check,No
0451-TEST,71,108.14,733.42,Female,0,Yes,No,No,No,Two year,Credit card,No
0452-TEST,28,95.45,2902.69,Male,0,No,Yes,No,Fiber optic,Month-to-month,Electronic check,No
0453-TEST,52,96.84,7539.63,Female,0,Yes,No,Yes,No,Two year,Electronic check,Yes
0454-TEST,16,68.29,5381.72,Male,0,Yes,Yes,Yes,Fiber optic,Month-to-month,Mailed check,No
0455-TEST,69,61.13,5461.49,Male,1,Yes,Yes,Yes,DSL,Two year,Mailed check,No
0456-TEST,12,63.39,2959.17,Male,0,Yes,No,No,Fiber optic,Month-to-month,Credit card,Yes
0457-TEST,25,118.89,4789.92,Female,0,Yes,No,No,Fiber optic,One year,Electronic check,No
0458-TEST,52,33.61,180.04,Male,0,Yes,Yes,Yes,No,Two year,Mailed check,No
0459-TEST,53,108.03,5125.16,Male,0,No,No,No,No,Month-to-month,Mailed check,No
0460-TEST,23,82.08,7314.97,Female,0,No,No,Yes,No,Two year,Bank transfer,No
0461-TEST,16,69.48,4939.33,Female,0,No,No,No,Fiber optic,One year,Electronic check,No
0462-TEST,57,95.27,7002.22,Female,1,Yes,Yes,Yes,Fiber optic,Month-to-month,Mailed check,No
0463-TEST,39,73.8,5819.39,Male,0,No,Yes,Yes,DSL,Two year,Credit card,Yes
0464-TEST,53,108.61,1052.41,Male,0,No,No,No,Fiber optic,Two year,Bank transfer,No
0465-TEST,42,111.06,7229.38,Female,0,No,No,No,DSL,One year,Bank transfer,Yes
0466-TEST,58,67.95,624.91,Male,0,Yes,Yes,No,No,One year,Electronic check,Yes
0467-TEST,39,54.91,4318.34,Female,0,No,No,No,No,Month-to-month,Electronic check,Yes
0468-TEST,14,83.31,1222.88,Female,1,Yes,Yes,No,No,Two year,Bank transfer,Yes
0469-TEST,5,112.11,192.48,Male,1,No,No,No,DSL,Two year,Credit card,Yes
0470-TEST,35,48.96,3434.07,Male,0,Yes,No,Yes,Fiber optic,One year,Electronic check,No
0471-TEST,18,86.07,2430.82,Female,0,Yes,No,No,No,One year,Electronic check,No
0472-TEST,9,86.84,3939.4,Female,0,Yes,Yes,Yes,Fiber optic,Month-to-month,Bank transfer,Yes
0473-TEST,58,95.98,4659.88,Female,0,No,Yes,Yes,Fiber optic,Two year,Bank transfer,Yes
0474-TEST,17,41.84,445.54,Female,0,No,Yes,No,No,Two year,Electronic check,No
0475-TEST,7,94.42,1071.73,Male,0,Yes,Yes,Yes,DSL,Month-to-month,Mailed check,No
0476-TEST,46,111.81,4513.27,Female,0,No,No,Yes,Fiber optic,Month-to-month,Electronic check,No
0477-TEST,13,46.17,2811.02,Female,0,Yes,No,No,No,One year,Mailed check,No
0478-TEST,40,51.38,5860.47,Female,0,Yes,Yes,No,Fiber optic,One year,Bank transfer,No
0479-TEST,42,117.43,5253.1,Male,0,No,No,No,Fiber optic,Month-to-month,Mailed check,No
0480-TEST,9,46.29,6780.27,Male,0,No,No,Yes,Fiber optic,Month-to-month,Credit card,Yes
0481-TEST,50,106.89,5570.69,Female,0,No,Yes,No,Fiber optic,Two year,Bank transfer,No
0482-TEST,27,74.31,3496.46,Male,1,Yes,No,No,Fiber optic,Month-to-month,Electronic check,No
0483-TEST,66,52.25,5416.44,Male,0,Yes,No,No,DSL,Month-to-month,Electronic check,No
0484-TEST,5,108.37,2275.51,Male,0,No,Yes,No,DSL,Two year,Bank transfer,No
0485-TEST,29,70.08,2519.88,Female,0,Yes,No,Yes,No,Month-to-month,Bank transfer,No
0486-TEST,37,76.33,6332.98,Female,1,No,No,No,DSL,One year,Credit card,Yes
0487-TEST,38,62.33,3626.71,Male,0,Yes,No,Yes,DSL,One year,Bank transfer,Yes
0488-TEST,8,83.37,6407.2,Female,0,No,Yes,No,DSL,Two year,Electronic check,No
0489-TEST,65,44.72,6597.14,Female,0,No,Yes,Yes,Fiber optic,Month-to-month,Credit card,No
0490-TEST,17,65.2,6874.74,Male,0,Yes,No,Yes,Fiber optic,One year,Electronic check,No
0491-TEST,71,117.25,7341.42,Male,1,No,No,Yes,No,One year,Mailed check,No
0492-TEST,45,53.23,3504.78,Female,0,No,No,No,No,One year,Bank transfer,Yes
0493-TEST,4,89.11,2619.05,Male,1,Yes,Yes,Yes,No,One year,Mailed check,Yes
0494-TEST,36,59.27,4699.37,Female,1,No,Yes,No,Fiber optic,Month-to-month,Electronic check,Yes
0495-TEST,70,99.61,3032.26,Female,1,Yes,Yes,No,DSL,Month-to-month,Mailed check,No
0496-TEST,31,41.78,4848.49,Male,0,No,No,No,DSL,Month-to-month,Mailed check,Yes
0497-TEST,19,117.28,5674.13,Female,0,Yes,No,No,Fiber optic,Month-to-month,Electronic check,Yes
0498-TEST,61,70.84,5538.4,Female,0,No,No,No,No,One year,Electronic check,No
0499-TEST,54,51.24,3058.97,Male,0,No,No,Yes,No,Two year,Bank transfer,Yes
0500-TEST,39,36.61,1418.2,Male,0,No,No,No,No,Two year,Mailed check,No
0501-TEST,19,45.28,3501.18,Male,0,No,Yes,Yes,Fiber optic,One year,Credit card,No
0502-TEST,39,76.78,1226.49,Female,0,Yes,No,Yes,No,One year,Credit card,No
0503-TEST,67,60.33,7131.77,Male,0,Yes,No,Yes,No,Two year,Electronic check,No
0504-TEST,45,104.6,2832.43,Male,1,Yes,No,Yes,Fiber optic,Two year,Electronic check,No
0505-TEST,13,68.78,1320.23,Male,0,Yes,Yes,Yes,DSL,One year,Mailed check,No
0506-TEST,58,52.38,301.04,Male,1,Yes,No,Yes,Fiber optic,One year,Electronic check,No
0507-TEST,20,85.54,5202.0,Female,0,Yes,Yes,Yes,Fiber optic,Month-to-month,Credit card,No
0508-TEST,61,93.61,5131.53,Female,1,Yes,Yes,No,Fiber optic,Month-to-month,Bank transfer,Yes
0509-TEST,39,45.03,2790.77,Male,0,No,Yes,Yes,Fiber optic,Two year,Bank transfer,Yes
0510-TEST,1,45.09,666.52,Female,0,No,Yes,No,DSL,One year,Mailed check,No
0511-TEST,3,33.3,3336.07,Male,1,No,Yes,Yes,No,Two year,Bank transfer,No
0512-TEST,62,96.28,2558.62,Male,0,No,No,Yes,Fiber optic,Month-to-month,Electronic check,No
0513-TEST,63,89.74,5449.25,Female,1,Yes,No,Yes,DSL,Month-to-month,Electronic check,No
0514-TEST,25,72.72,4885.66,Female,0,Yes,Yes,Yes,No,Two year,Electronic check,Yes
0515-TEST,56,105.98,2980.29,Male,0,Yes,Yes,No,No,Month-to-month,Electronic check,No
0516-TEST,33,102.51,1821.35,Male,0,No,Yes,No,No,One year,Mailed check,No
0517-TEST,38,82.68,7905.48,Female,0,Yes,No,No,Fiber optic,Two year,Bank transfer,Yes
0518-TEST,6,108.14,3686.61,Male,0,No,No,Yes,Fiber optic,One year,Credit card,No
0519-TEST,58,48.53,5537.37,Female,0,Yes,Yes,Yes,No,One year,Bank transfer,No
0520-TEST,44,40.07,1210.37,Male,0,Yes,No,Yes,No,Month-to-month,Electronic check,No
0521-TEST,45,54.28,3936.16,Male,0,Yes,No,No,No,One year,Credit card,Yes
0522-TEST,32,35.14,317.54,Female,1,Yes,Yes,Yes,No,Two year,Mailed check,No
0523-TEST,45,77.81,4093.1,Female,1,No,Yes,No,No,One year,Electronic check,No
0524-TEST,61,114.29,7715.74,Female,0,No,No,No,No,One year,Electronic check,No
0525-TEST,47,33.54,3135.23,Female,0,Yes,No,Yes,DSL,One year,Credit card,No
0526-TEST,21,40.99,408.07,Female,0,No,No,Yes,No,One year,Mailed check,Yes
0527-TEST,36,70.7,344.55,Female,0,Yes,Yes,No,Fiber optic,One year,Credit card,No
0528-TEST,19,114.05,3165.1,Female,1,Yes,Yes,No,Fiber optic,Month-to-month,Mailed check,No
0529-TEST,20,58.45,1364.2,Male,1,Yes,Yes,No,Fiber optic,Two year,Electronic check,Yes
0530-TEST,57,75.65,284.48,Male,0,Yes,No,Yes,No,Month-to-month,Bank transfer,No
0531-TEST,18,33.74,6074.09,Male,0,No,No,Yes,Fiber optic,Two year,Electronic check,No
0532-TEST,47,43.35,3722.33,Female,0,Yes,Yes,Yes,DSL,Two year,Bank transfer,No
0533-TEST,49,118.8,2385.03,Female,1,Yes,No,Yes,No,Two year,Bank transfer,Yes
0534-TEST,14,116.86,7210.66,Female,0,No,Yes,Yes,Fiber optic,Two year,Mailed check,No
0535-TEST,15,30.44,1017.5,Male,0,Yes,No,Yes,DSL,Two year,Credit card,No
0536-TEST,31,115.66,7651.76,Female,0,No,Yes,No,DSL,One year,Mailed check,No
0537-TEST,1,87.52,2580.34,Female,0,Yes,No,No,Fiber optic,Month-to-month,Electronic check,No
0538-TEST,54,108.11,7118.39,Male,0,Yes,No,No,DSL,Month-to-month,Credit card,No
0539-TEST,3,70.93,4863.25,Female,1,Yes,Yes,Yes,Fiber optic,One year,Bank transfer,Yes
0540-TEST,16,76.4,6630.99,Male,0,Yes,Yes,No,DSL,Two year,Bank transfer,No
0541-TEST,57,74.0,7873.7,Male,0,Yes,Yes,Yes,No,Month-to-month,Electronic check,No
0542-TEST,12,90.02,2378.4,Female,0,Yes,Yes,Yes,No,One year,Credit card,No
0543-TEST,16,42.57,7692.97,Female,0,No,Yes,No,No,One year,Electronic check,Yes
0544-TEST,24,32.7,3176.91,Female,0,Yes,No,Yes,No,Month-to-month,Electronic check,No
0545-TEST,28,57.71,3145.54,Male,0,No,Yes,No,No,Month-to-month,Mailed check,No
0546-TEST,8,93.42,2789.06,Male,0,No,Yes,No,Fiber optic,Two year,Electronic check,No
0547-TEST,36,48.17,4377.12,Male,0,Yes,Yes,Yes,No,Two year,Credit card,Yes
0548-TEST,8,90.61,1317.75,Female,0,No,Yes,No,No,Month-to-month,Electronic check,Yes
0549-TEST,58,117.29,4474.32,Female,0,Yes,Yes,No,No,Two year,Credit card,No
0550-TEST,60,38.45,4379.47,Female,1,No,No,No,No,One year,Bank transfer,Yes
0551-TEST,50,90.53,6119.02,Female,0,Yes,Yes,No,DSL,Two year,Electronic check,No
0552-TEST,28,69.94,6685.83,Male,0,No,Yes,Yes,No,Two year,Credit card,Yes
0553-TEST,41,108.13,3579.49,Male,0,No,Yes,No,No,One year,Bank transfer,No
0554-TEST,64,45.94,2488.43,Male,0,Yes,No,No,Fiber optic,Two year,Credit card,No
0555-TEST,27,92.34,2148.75,Male,0,No,No,No,DSL,One year,Bank transfer,No
0556-TEST,63,105.43,1637.53,Female,0,Yes,Yes,Yes,Fiber optic,Two year,Mailed check,No
0557-TEST,17,115.02,555.42,Female,0,Yes,Yes,No,No,Month-to-month,Electronic check,No
0558-TEST,33,91.49,2805.34,Female,0,Yes,No,Yes,Fiber optic,Two year,Electronic check,Yes
0559-TEST,29,74.75,2234.96,Male,0,Yes,No,No,Fiber optic,Month-to-month,Bank transfer,Yes
0560-TEST,13,85.61,7734.7,Male,1,Yes,No,No,No,Month-to-month,Mailed check,No
0561-TEST,46,108.2,4505.9,Female,1,No,Yes,No,DSL,Month-to-month,Credit card,No
0562-TEST,35,81.35,2843.49,Female,0,No,Yes,Yes,DSL,Month-to-month,Mailed check,No
0563-TEST,6,32.73,4685.69,Male,0,No,No,Yes,Fiber optic,Month-to-month,Credit card,No
0564-TEST,69,113.79,1199.65,Female,1,Yes,Yes,Yes,No,One year,Credit card,No
0565-TEST,47,92.06,3607.95,Male,1,No,No,Yes,Fiber optic,One year,Electronic check,No
0566-TEST,25,90.89,5047.25,Male,0,No,No,Yes,Fiber optic,One year,Bank transfer,Yes
0567-TEST,66,49.41,3962.29,Male,0,No,No,Yes,Fiber optic,Month-to-month,Electronic check,No
0568-TEST,10,89.3,3274.05,Female,0,No,Yes,No,No,Two year,Electronic check,No
0569-TEST,56,65.45,7951.4,Female,0,No,No,Yes,No,One year,Electronic check,No
0570-TEST,30,88.61,7054.49,Male,0,Yes,No,No,DSL,Two year,Credit card,No
0571-TEST,5,39.59,5024.91,Female,0,Yes,Yes,Yes,No,Two year,Electronic check,No
0572-TEST,33,89.21,4598.08,Male,0,No,No,Yes,Fiber optic,Month-to-month,Credit card,No
0573-TEST,65,119.95,5003.22,Male,0,Yes,Yes,Yes,Fiber optic,Month-to-month,Bank transfer,No
0574-TEST,18,34.34,1690.37,Male,0,Yes,No,No,DSL,Month-to-month,Credit card,Yes
0575-TEST,49,117.95,3221.59,Male,0,No,Yes,Yes,No,One year,Credit card,Yes
0576-TEST,11,66.62,411.73,Female,0,No,No,Yes,Fiber optic,Month-to-month,Mailed check,No
0577-TEST,26,108.37,3856.81,Male,0,Yes,No,No,DSL,One year,Electronic check,No
0578-TEST,63,100.41,4389.89,Male,0,No,No,No,DSL,One year,Electronic check,No
0579-TEST,59,81.03,1899.22,Female,1,Yes,No,No,Fiber optic,One year,Electronic check,Yes
0580-TEST,27,96.46,7715.83,Male,0,Yes,No,No,Fiber optic,One year,Electronic check,Yes
0581-TEST,49,109.07,7284.69,Male,0,No,Yes,Yes,No,Month-to-month,Mailed check,No
0582-TEST,33,66.37,5804.93,Female,0,Yes,Yes,No,DSL,One year,Mailed check,No
0583-TEST,1,59.43,4313.75,Female,0,Yes,No,Yes,Fiber optic,Month-to-month,Mailed check,No
0584-TEST,21,90.08,6972.76,Female,1,Yes,No,Yes,DSL,Month-to-month,Mailed check,No
0585-TEST,55,102.71,1132.15,Male,0,No,No,No,No,One year,Electronic check,Yes
0586-TEST,6,98.61,6345.03,Female,0,No,Yes,Yes,Fiber optic,Month-to-month,Credit card,No
0587-TEST,69,101.8,1086.08,Female,0,No,Yes,No,No,Two year,Bank transfer,No
0588-TEST,5,69.2,6374.26,Male,0,No,No,Yes,DSL,Month-to-month,Mailed check,Yes
0589-TEST,3,103.61,2278.56,Male,1,Yes,Yes,No,No,Month-to-month,Credit card,No
0590-TEST,53,40.82,7029.02,Male,1,No,No,No,No,One year,Mailed check,Yes
0591-TEST,23,79.0,7557.93,Male,0,No,No,No,DSL,One year,Electronic check,Yes
0592-TEST,53,30.52,1275.49,Male,0,No,No,No,No,Month-to-month,Electronic check,Yes
0593-TEST,37,59.21,3755.14,Female,1,No,Yes,No,DSL,One year,Credit card,Yes
0594-TEST,17,62.98,7849.8,Female,1,Yes,No,No,Fiber optic,Two year,Credit card,No
0595-TEST,1,65.66,3918.92,Female,0,Yes,No,Yes,DSL,Two year,Credit card,No
0596-TEST,51,92.59,6922.03,Male,0,Yes,No,Yes,DSL,One year,Electronic check,No
0597-TEST,45,64.97,4750.98,Male,0,No,Yes,Yes,Fiber optic,Month-to-month,Electronic check,No
0598-TEST,4,70.38,3065.11,Male,1,No,Yes,No,DSL,Two year,Bank transfer,No
0599-TEST,62,51.38,2357.69,Female,0,Yes,Yes,Yes,Fiber optic,Two year,Credit card,Yes
0600-TEST,65,63.59,1705.46,Female,0,No,No,No,Fiber optic,Month-to-month,Bank transfer,No
0601-TEST,32,50.45,6118.21,Male,0,No,Yes,Yes,DSL,One year,Mailed check,No
0602-TEST,34,36.59,3153.67,Female,0,Yes,No,Yes,No,Two year,Bank transfer,No
0603-TEST,39,84.31,4139.08,Male,0,Yes,Yes,No,No,Month-to-month,Mailed check,No
0604-TEST,26,90.14,3989.37,Female,0,No,No,Yes,Fiber optic,Month-to-month,Mailed check,No
0605-TEST,34,85.75,4660.5,Female,0,No,Yes,Yes,No,Two year,Bank transfer,No
0606-TEST,54,71.71,6938.06,Female,0,No,No,Yes,No,One year,Credit card,No
0607-TEST,3,64.18,7847.84,Male,0,Yes,Yes,No,DSL,Two year,Mailed check,Yes
0608-TEST,50,107.7,3319.92,Female,0,Yes,Yes,Yes,Fiber optic,Month-to-month,Credit card,No
0609-TEST,12,76.72,6637.4,Female,0,Yes,Yes,No,Fiber optic,Two year,Electronic check,Yes
0610-TEST,65,73.13,6139.77,Male,1,Yes,No,Yes,DSL,One year,Mailed check,No
0611-TEST,54,32.31,4630.88,Female,0,No,Yes,Yes,No,Month-to-month,Electronic check,Yes
0612-TEST,5,60.71,7652.77,Male,0,Yes,Yes,Yes,Fiber optic,One year,Bank transfer,No
0613-TEST,57,64.22,1683.75,Male,0,Yes,Yes,Yes,No,Two year,Credit card,Yes
0614-TEST,17,65.89,963.19,Male,0,No,Yes,No,Fiber optic,Two year,Bank transfer,No
0615-TEST,47,82.22,6846.3,Male,0,No,No,Yes,Fiber optic,One year,Mailed check,No
0616-TEST,23,78.02,3569.28,Male,0,No,Yes,No,Fiber optic,Two year,Electronic check,No
0617-TEST,14,84.71,6791.05,Female,0,Yes,No,No,Fiber optic,One year,Mailed check,No
0618-TEST,66,98.84,7155.41,Male,0,No,No,Yes,No,Two year,Bank transfer,No
0619-TEST,51,103.17,593.41,Male,0,No,No,Yes,No,One year,Credit card,No
0620-TEST,38,94.63,7079.37,Male,0,Yes,No,No,No,One year,Credit card,No
0621-TEST,64,116.0,3641.72,Male,0,Yes,Yes,No,No,Month-to-month,Mailed check,No
0622-TEST,38,31.64,4132.42,Female,0,No,No,Yes,DSL,Month-to-month,Mailed check,No
0623-TEST,50,47.62,5050.08,Male,0,Yes,No,Yes,Fiber optic,One year,Electronic check,No
0624-TEST,30,30.68,7418.42,Female,0,No,No,Yes,Fiber optic,Two year,Bank transfer,No
0625-TEST,51,88.27,251.02,Male,1,No,No,Yes,Fiber optic,Two year,Mailed check,No
0626-TEST,63,110.82,3867.06,Female,1,Yes,Yes,Yes,DSL,Two year,Electronic check,No
0627-TEST,52,51.91,5533.0,Male,0,No,Yes,No,No,One year,Mailed check,No
0628-TEST,38,113.43,5809.38,Male,0,Yes,No,Yes,Fiber optic,One year,Credit card,No
0629-TEST,30,35.42,5571.01,Female,0,Yes,No,Yes,No,One year,Electronic check,Yes
0630-TEST,51,114.1,1162.04,Male,0,Yes,No,No,No,One year,Electronic check,No
0631-TEST,5,61.65,2465.23,Female,0,No,Yes,Yes,DSL,Month-to-month,Mailed check,No
0632-TEST,29,39.13,2933.85,Male,1,Yes,Yes,Yes,DSL,One year,Bank transfer,No
0633-TEST,4,73.73,6455.05,Female,0,Yes,Yes,No,No,Two year,Credit card,No
0634-TEST,10,53.11,2302.2,Male,1,No,Yes,Yes,Fiber optic,Month-to-month,Bank transfer,Yes
0635-TEST,56,55.64,1764.57,Male,0,No,Yes,No,Fiber optic,Two year,Electronic check,No
0636-TEST,17,57.66,7663.84,Female,0,No,No,Yes,DSL,One year,Bank transfer,No
0637-TEST,17,102.27,170.02,Male,0,No,Yes,Yes,DSL,Month-to-month,Electronic check,No
0638-TEST,69,78.52,7982.78,Male,0,Yes,Yes,Yes,DSL,One year,Bank transfer,Yes
0639-TEST,34,58.02,5446.89,Male,0,Yes,No,No,DSL,Month-to-month,Mailed check,No
0640-TEST,6,84.93,6644.91,Male,0,Yes,Yes,No,DSL,Two year,Bank transfer,No
0641-TEST,53,94.45,2427.49,Male,0,No,Yes,No,DSL,One year,Electronic check,Yes
0642-TEST,66,54.54,213.09,Male,1,No,Yes,No,DSL,One year,Credit card,No
0643-TEST,43,67.22,5929.17,Female,0,Yes,No,Yes,Fiber optic,Month-to-month,Credit card,No
0644-TEST,23,40.97,6689.74,Female,1,No,Yes,No,DSL,Month-to-month,Credit card,No
0645-TEST,55,46.3,5949.76,Female,1,No,No,No,DSL,One year,Electronic check,Yes
0646-TEST,16,91.3,1228.52,Male,0,Yes,No,No,Fiber optic,Month-to-month,Bank transfer,Yes
0647-TEST,8,46.33,6052.08,Female,0,Yes,Yes,Yes,Fiber optic,One year,Credit card,No
0648-TEST,4,77.26,6174.49,Male,0,No,Yes,Yes,No,Month-to-month,Credit card,Yes
0649-TEST,4,93.81,5302.47,Male,1,No,Yes,No,DSL,Two year,Credit card,Yes
0650-TEST,56,39.62,6152.32,Male,0,No,Yes,No,DSL,Month-to-month,Mailed check,No
0651-TEST,25,81.06,6782.78,Male,0,Yes,No,Yes,DSL,Two year,Electronic check,No
0652-TEST,67,53.09,4947.47,Female,0,Yes,Yes,No,DSL,Month-to-month,Electronic check,No
0653-TEST,67,116.66,799.98,Male,0,Yes,No,No,No,Month-to-month,Electronic check,No
0654-TEST,27,73.52,3952.26,Female,0,Yes,No,No,Fiber optic,One year,Electronic check,No
0655-TEST,32,102.54,713.43,Male,0,Yes,No,No,Fiber optic,Month-to-month,Electronic check,No
0656-TEST,50,79.52,3319.59,Female,0,No,No,Yes,DSL,Month-to-month,Mailed check,Yes
0657-TEST,61,33.91,3316.14,Female,1,No,No,Yes,DSL,Two year,Bank transfer,Yes
0658-TEST,51,86.98,621.48,Female,0,No,Yes,Yes,DSL,Month-to-month,Mailed check,No
0659-TEST,19,115.63,2855.68,Female,1,Yes,No,No,No,One year,Credit card,No
0660-TEST,21,84.15,976.88,Female,0,Yes,No,No,No,Two year,Mailed check,No
0661-TEST,5,103.73,6485.06,Female,1,Yes,Yes,Yes,Fiber optic,One year,Electronic check,No
0662-TEST,42,109.58,7586.74,Male,0,No,Yes,Yes,DSL,One year,Mailed check,No
0663-TEST,61,50.53,671.3,Female,0,Yes,No,Yes,DSL,One year,Electronic check,Yes
0664-TEST,22,49.08,7645.41,Male,0,Yes,No,No,DSL,One year,Mailed check,Yes
0665-TEST,21,84.99,4228.36,Female,1,No,Yes,Yes,DSL,Two year,Electronic check,No
0666-TEST,70,66.99,2466.57,Male,0,Yes,No,No,No,Month-to-month,Credit card,No
0667-TEST,1,105.59,707.21,Female,1,No,Yes,No,Fiber optic,One year,Electronic check,No
0668-TEST,5,111.0,4054.93,Female,1,Yes,Yes,Yes,Fiber optic,Two year,Mailed check,Yes
0669-TEST,12,61.81,6376.67,Male,0,Yes,No,Yes,No,One year,Credit card,No
0670-TEST,46,51.32,5685.98,Female,0,No,Yes,No,DSL,Month-to-month,Mailed check,No
0671-TEST,34,100.25,496.79,Female,0,No,No,Yes,Fiber optic,Two year,Credit card,Yes
0672-TEST,49,54.73,675.92,Female,0,No,No,Yes,Fiber optic,Two year,Bank transfer,No
0673-TEST,45,104.04,3282.7,Male,1,No,No,No,No,Month-to-month,Bank transfer,No
0674-TEST,27,68.14,2432.79,Female,0,No,Yes,No,DSL,Two year,Bank transfer,No
0675-TEST,26,90.08,1935.84,Male,0,No,No,No,Fiber optic,Month-to-month,Mailed check,No
0676-TEST,47,38.6,2319.94,Female,1,Yes,Yes,No,DSL,Two year,Mailed check,Yes
0677-TEST,56,86.15,6447.51,Female,0,Yes,No,No,Fiber optic,Two year,Credit card,No
0678-TEST,63,70.66,7440.9,Male,1,No,No,Yes,No,Month-to-month,Credit card,Yes
0679-TEST,48,82.79,3300.31,Female,0,Yes,Yes,No,DSL,Month-to-month,Credit card,No
0680-TEST,61,45.12,7258.28,Female,0,No,No,No,No,Two year,Credit card,No
0681-TEST,26,96.32,2639.82,Male,0,Yes,No,No,Fiber optic,Two year,Electronic check,No
0682-TEST,36,107.65,3863.85,Female,0,No,Yes,Yes,No,Month-to-month,Bank transfer,No
0683-TEST,1,49.51,1885.63,Male,0,Yes,Yes,No,No,Month-to-month,Electronic check,No
0684-TEST,8,38.61,5159.76,Male,0,Yes,Yes,No,No,Two year,Electronic check,No
0685-TEST,52,32.13,7833.95,Male,0,Yes,No,No,Fiber optic,Two year,Electronic check,No
0686-TEST,47,87.78,4867.6,Female,0,Yes,Yes,Yes,DSL,Two year,Electronic check,No
0687-TEST,56,84.64,2926.73,Male,0,Yes,Yes,No,No,Month-to-month,Bank transfer,No
0688-TEST,14,79.2,5217.76,Male,0,No,No,No,DSL,Two year,Electronic check,No
0689-TEST,28,50.88,1071.07,Female,0,No,Yes,No,Fiber optic,One year,Credit card,No
0690-TEST,2,65.18,7120.41,Male,0,No,No,Yes,DSL,Month-to-month,Mailed check,No
0691-TEST,26,83.5,4074.36,Female,0,Yes,No,Yes,No,Two year,Credit card,No
0692-TEST,14,74.71,3649.86,Female,0,No,Yes,Yes,No,Month-to-month,Mailed check,Yes
0693-TEST,59,118.9,4728.33,Female,0,Yes,No,Yes,No,One year,Credit card,Yes
0694-TEST,56,42.28,5035.79,Female,0,Yes,Yes,No,No,Month-to-month,Credit card,Yes
0695-TEST,7,92.56,667.03,Male,0,Yes,Yes,No,No,Two year,Mailed check,No
0696-TEST,3,66.39,5492.68,Male,0,No,Yes,Yes,No,One year,Bank transfer,No
0697-TEST,23,68.54,2011.26,Male,1,Yes,Yes,Yes,Fiber optic,One year,Electronic check,No
0698-TEST,18,94.58,5740.23,Male,0,No,No,No,Fiber optic,Two year,Credit card,No
0699-TEST,38,92.32,6598.02,Male,0,No,No,No,Fiber optic,Two year,Bank transfer,No
0700-TEST,15,119.21,6451.27,Female,0,Yes,Yes,Yes,DSL,Two year,Electronic check,No
0701-TEST,64,41.56,4464.76,Male,0,Yes,Yes,Yes,DSL,Month-to-month,Bank transfer,Yes
0702-TEST,28,39.37,4209.34,Male,1,No,No,Yes,Fiber optic,Month-to-month,Bank transfer,Yes
0703-TEST,39,95.19,1228.72,Male,0,No,Yes,Yes,DSL,Month-to-month,Electronic check,No
0704-TEST,57,82.05,6225.23,Female,0,No,No,No,DSL,Two year,Credit card,No
0705-TEST,17,54.67,2244.13,Female,0,No,Yes,Yes,No,Two year,Bank transfer,No
0706-TEST,44,37.15,4023.89,Male,0,No,No,Yes,No,Month-to-month,Credit card,Yes
0707-TEST,25,37.71,2345.77,Female,0,No,No,No,DSL,One year,Credit card,No
0708-TEST,17,110.48,1157.24,Male,0,Yes,No,No,DSL,Month-to-month,Credit card,Yes
0709-TEST,13,47.27,5073.51,Male,0,No,Yes,No,Fiber optic,One year,Electronic check,Yes
0710-TEST,25,59.1,529.22,Female,0,No,Yes,No,DSL,Two year,Mailed check,Yes
0711-TEST,68,50.4,6014.3,Female,0,No,Yes,No,No,Two year,Credit card,Yes
0712-TEST,10,61.95,2608.94,Male,0,No,Yes,Yes,DSL,Month-to-month,Mailed check,No
0713-TEST,67,36.25,101.06,Male,0,Yes,Yes,Yes,Fiber optic,Month-to-month,Mailed check,Yes
0714-TEST,18,76.72,4137.92,Female,0,Yes,No,Yes,No,Two year,Bank transfer,No
0715-TEST,34,36.09,470.13,Male,1,No,No,No,No,Month-to-month,Credit card,No
0716-TEST,8,102.03,2281.74,Female,0,No,No,Yes,No,Two year,Credit card,Yes
0717-TEST,40,51.03,5685.11,Male,1,No,No,No,No,Two year,Credit card,Yes
0718-TEST,42,78.6,595.25,Female,0,Yes,No,Yes,DSL,One year,Mailed check,No
0719-TEST,41,109.21,6730.77,Male,0,Yes,No,Yes,Fiber optic,Month-to-month,Electronic check,Yes
0720-TEST,6,88.58,130.18,Male,0,Yes,No,No,DSL,Two year,Mailed check,No
0721-TEST,52,77.97,2049.91,Female,0,Yes,Yes,No,DSL,Month-to-month,Credit card,No
0722-TEST,26,59.19,5953.14,Male,0,Yes,No,Yes,No,One year,Credit card,Yes
0723-TEST,64,59.97,2598.53,Male,0,Yes,Yes,Yes,Fiber optic,One year,Credit card,No
0724-TEST,59,90.25,904.95,Female,0,No,No,Yes,No,Month-to-month,Mailed check,Yes
0725-TEST,56,119.47,2945.85,Male,1,Yes,No,Yes,DSL,Month-to-month,Credit card,No
0726-TEST,59,89.57,2236.11,Male,0,Yes,Yes,Yes,DSL,Two year,Bank transfer,No
0727-TEST,70,80.2,6757.42,Male,0,No,No,No,No,One year,Credit card,No
0728-TEST,33,95.76,2575.45,Female,0,Yes,Yes,No,DSL,One year,Electronic check,Yes
0729-TEST,53,71.87,6332.57,Female,0,No,No,No,DSL,One year,Bank transfer,No
0730-TEST,22,35.41,7145.79,Female,0,Yes,Yes,No,No,Month-to-month,Credit card,No
0731-TEST,21,80.61,3527.16,Male,0,No,No,Yes,DSL,Two year,Bank transfer,Yes
0732-TEST,70,116.19,7288.55,Male,1,No,Yes,Yes,Fiber optic,Month-to-month,Credit card,No
0733-TEST,70,45.78,3080.81,Male,0,No,Yes,No,No,Month-to-month,Electronic check,No
0734-TEST,4,92.1,7716.22,Male,0,No,No,Yes,Fiber optic,Month-to-month,Credit card,No
0735-TEST,62,48.08,805.39,Female,0,No,No,No,DSL,Two year,Bank transfer,Yes
0736-TEST,62,78.22,5527.45,Male,1,Yes,Yes,Yes,DSL,Month-to-month,Electronic check,No
0737-TEST,24,38.7,4001.13,Male,0,Yes,No,Yes,No,One year,Mailed check,No
0738-TEST,55,70.53,3162.43,Male,0,No,Yes,Yes,DSL,One year,Electronic check,Yes
0739-TEST,9,98.05,5098.42,Female,0,No,No,No,No,One year,Electronic check,No
0740-TEST,3,61.28,5660.47,Male,0,No,Yes,No,No,Two year,Electronic check,No
0741-TEST,31,89.84,134.47,Male,0,Yes,No,No,No,Month-to-month,Bank transfer,No
0742-TEST,40,101.59,1418.93,Male,0,No,Yes,No,No,Two year,Electronic check,Yes
0743-TEST,36,113.45,5733.06,Male,0,No,No,Yes,No,Month-to-month,Credit card,No
0744-TEST,24,51.12,5364.44,Male,0,No,Yes,Yes,Fiber optic,One year,Electronic check,No
0745-TEST,6,65.94,7731.78,Female,0,No,Yes,Yes,No,Month-to-month,Electronic check,No
0746-TEST,66,43.72,6112.2,Male,0,Yes,No,Yes,Fiber optic,Month-to-month,Credit card,No
0747-TEST,4,119.32,7611.1,Male,0,No,No,No,DSL,Month-to-month,Credit card,No
0748-TEST,6,113.43,5650.07,Male,0,No,Yes,Yes,No,Two year,Mailed check,No
0749-TEST,51,78.6,2454.61,Male,0,Yes,Yes,Yes,DSL,Month-to-month,Electronic check,No
0750-TEST,62,105.78,932.38,Male,0,No,Yes,Yes,No,Month-to-month,Bank transfer,No
0751-TEST,57,76.89,6276.41,Male,0,No,Yes,No,Fiber optic,Month-to-month,Electronic check,No
0752-TEST,66,86.12,5188.78,Male,1,Yes,No,No,Fiber optic,Two year,Electronic check,Yes
0753-TEST,8,38.02,480.67,Male,1,Yes,Yes,No,Fiber optic,Two year,Credit card,No
0754-TEST,26,97.97,2944.4,Male,0,Yes,Yes,Yes,DSL,Two year,Mailed check,No
0755-TEST,51,41.49,7658.72,Male,0,No,Yes,No,No,Month-to-month,Electronic check,No
0756-TEST,45,104.35,4053.17,Female,0,No,No,Yes,DSL,One year,Bank transfer,Yes
0757-TEST,44,100.38,3518.56,Female,0,Yes,Yes,Yes,Fiber optic,One year,Electronic check,Yes
0758-TEST,5,93.79,3715.83,Female,0,Yes,No,Yes,DSL,One year,Bank transfer,No
0759-TEST,70,33.25,1750.17,Female,0,Yes,No,No,Fiber optic,Month-to-month,Credit card,No
0760-TEST,26,57.28,3012.79,Male,0,No,No,No,Fiber optic,One year,Mailed check,Yes
0761-TEST,68,53.68,3021.52,Female,0,No,No,Yes,Fiber optic,One year,Electronic check,No
0762-TEST,19,62.41,513.6,Female,0,Yes,No,Yes,No,One year,Mailed check,No
0763-TEST,20,37.89,6163.78,Male,0,No,No,No,No,Month-to-month,Electronic check,Yes
0764-TEST,12,114.33,3390.39,Female,0,Yes,No,No,Fiber optic,One year,Bank transfer,No
0765-TEST,47,79.84,6595.22,Female,0,No,Yes,No,DSL,One year,Mailed check,No
0766-TEST,1,57.5,6817.75,Male,1,No,Yes,Yes,DSL,Month-to-month,Electronic check,No
0767-TEST,14,65.73,1774.75,Male,1,No,No,Yes,No,Two year,Credit card,Yes
0768-TEST,64,70.25,5293.09,Male,0,No,Yes,Yes,Fiber optic,One year,Bank transfer,Yes
0769-TEST,38,84.05,3831.03,Female,0,Yes,Yes,No,DSL,Two year,Mailed check,No
0770-TEST,37,76.41,7053.24,Female,0,No,No,No,Fiber optic,One year,Electronic check,No
0771-TEST,11,112.75,1804.35,Male,0,No,Yes,No,DSL,Month-to-month,Mailed check,No
0772-TEST,3,74.73,5454.72,Male,0,Yes,No,Yes,No,Two year,Electronic check,No
0773-TEST,33,119.29,4901.24,Female,0,No,Yes,Yes,Fiber optic,Two year,Bank transfer,Yes
0774-TEST,6,106.63,2432.88,Male,0,Yes,No,No,Fiber optic,Two year,Credit card,No
0775-TEST,50,48.77,1179.15,Female,0,Yes,No,Yes,DSL,Two year,Bank transfer,Yes
0776-TEST,10,113.75,5247.95,Male,0,No,Yes,No,DSL,One year,Mailed check,Yes
0777-TEST,5,40.47,5934.92,Male,0,No,Yes,Yes,DSL,One year,Mailed check,No
0778-TEST,23,103.57,2593.46,Female,0,Yes,No,No,Fiber optic,Two year,Electronic check,Yes
0779-TEST,10,64.26,5194.18,Male,0,Yes,No,Yes,No,One year,Bank transfer,No
0780-TEST,44,109.02,3221.53,Male,1,Yes,No,Yes,No,Two year,Electronic check,No
0781-TEST,2,108.13,5734.33,Male,0,No,Yes,No,DSL,Two year,Bank transfer,Yes
0782-TEST,13,102.53,1673.8,Female,0,Yes,Yes,No,No,Month-to-month,Mailed check,No
0783-TEST,40,101.1,7132.7,Male,1,Yes,Yes,No,DSL,Two year,Electronic check,No
0784-TEST,2,57.42,2370.54,Male,1,Yes,Yes,No,No,One year,Electronic check,No
0785-TEST,65,37.28,3005.51,Male,0,No,No,No,Fiber optic,Two year,Bank transfer,Yes
0786-TEST,63,66.27,558.93,Male,1,Yes,No,Yes,DSL,Month-to-month,Credit card,No
0787-TEST,17,45.62,980.95,Male,0,No,No,No,No,One year,Bank transfer,No
0788-TEST,9,92.55,4175.31,Male,0,No,No,No,Fiber optic,Month-to-month,Credit card,No
0789-TEST,15,61.15,2213.98,Female,0,Yes,Yes,No,No,Month-to-month,Bank transfer,No
0790-TEST,24,117.8,6700.29,Female,0,No,No,Yes,Fiber optic,Two year,Mailed check,No
0791-TEST,38,87.69,216.08,Male,0,Yes,No,No,Fiber optic,Month-to-month,Electronic check,Yes
0792-TEST,35,104.02,3094.84,Female,0,No,Yes,No,No,Month-to-month,Bank transfer,No
0793-TEST,49,41.93,2765.03,Female,0,No,Yes,No,No,One year,Mailed check,Yes
0794-TEST,69,107.58,252.69,Male,0,Yes,No,Yes,Fiber optic,Month-to-month,Bank transfer,No
0795-TEST,62,113.05,1082.51,Female,0,Yes,Yes,Yes,Fiber optic,Two year,Electronic check,No
0796-TEST,60,73.84,3367.78,Female,0,Yes,No,No,Fiber optic,Two year,Bank transfer,No
0797-TEST,50,84.56,3993.63,Female,0,No,Yes,Yes,DSL,Two year,Credit card,Yes
0798-TEST,9,98.83,3293.89,Female,0,No,Yes,No,Fiber optic,Month-to-month,Electronic check,No
0799-TEST,34,45.74,4294.41,Female,0,Yes,No,Yes,DSL,One year,Credit card,No
0800-TEST,35,75.23,4801.54,Female,1,Yes,Yes,No,Fiber optic,Two year,Mailed check,No
0801-TEST,1,65.88,178.4,Female,0,No,No,Yes,DSL,Month-to-month,Mailed check,No
0802-TEST,40,43.17,3766.35,Female,0,No,Yes,No,Fiber optic,Two year,Bank transfer,Yes
0803-TEST,64,63.08,7711.64,Male,0,No,Yes,No,Fiber optic,Two year,Credit card,No
0804-TEST,22,36.14,4200.36,Male,0,Yes,Yes,Yes,Fiber optic,One year,Credit card,No
0805-TEST,60,32.32,5452.58,Female,0,No,Yes,No,No,Two year,Electronic check,No
0806-TEST,64,42.16,2563.72,Female,0,Yes,Yes,No,No,One year,Credit card,No
0807-TEST,11,116.68,6214.53,Male,0,No,No,No,Fiber optic,Month-to-month,Credit card,No
0808-TEST,14,79.46,6206.08,Female,0,No,Yes,No,DSL,Two year,Electronic check,No
0809-TEST,60,116.92,4218.24,Female,1,Yes,No,Yes,DSL,Month-to-month,Electronic check,Yes
0810-TEST,30,68.92,7810.51,Male,0,Yes,Yes,No,Fiber optic,Month-to-month,Credit card,No
0811-TEST,35,58.06,1091.85,Male,0,Yes,No,Yes,No,Month-to-month,Bank transfer,No
0812-TEST,37,75.55,233.89,Male,1,No,Yes,Yes,DSL,Two year,Electronic check,Yes
0813-TEST,5,69.56,6184.25,Female,0,No,No,Yes,No,One year,Electronic check,No
0814-TEST,26,39.51,6476.53,Female,0,No,No,Yes,DSL,Two year,Credit card,No
0815-TEST,62,87.67,1049.64,Male,0,Yes,Yes,No,Fiber optic,Month-to-month,Credit card,No
0816-TEST,4,49.44,2198.1,Male,0,No,Yes,No,No,One year,Electronic check,No
0817-TEST,42,85.76,238.66,Female,0,Yes,Yes,Yes,DSL,Month-to-month,Credit card,No
0818-TEST,18,88.52,2417.14,Male,0,Yes,No,No,Fiber optic,One year,Electronic check,Yes
0819-TEST,40,43.68,6207.82,Female,0,Yes,No,Yes,Fiber optic,Two year,Bank transfer,No
0820-TEST,39,35.52,4191.89,Female,0,No,Yes,No,Fiber optic,One year,Bank transfer,No
0821-TEST,14,100.27,2849.96,Male,0,No,Yes,No,No,Two year,Electronic check,No
0822-TEST,32,71.38,3036.74,Male,0,Yes,No,No,No,Month-to-month,Electronic check,No
0823-TEST,51,35.23,110.69,Female,0,No,No,Yes,Fiber optic,One year,Mailed check,Yes
0824-TEST,38,119.54,2468.42,Male,1,Yes,Yes,Yes,No,Month-to-month,Mailed check,No
0825-TEST,23,35.2,5207.02,Male,0,Yes,No,No,DSL,One year,Credit card,No
0826-TEST,63,92.55,7796.14,Male,0,No,Yes,Yes,Fiber optic,Two year,Credit card,No
0827-TEST,15,118.53,6791.78,Male,0,Yes,Yes,Yes,Fiber optic,One year,Electronic check,No
0828-TEST,25,51.53,286.4,Female,0,Yes,Yes,No,No,One year,Electronic check,No
0829-TEST,17,42.8,7198.63,Female,0,No,No,Yes,Fiber optic,Two year,Mailed check,No
0830-TEST,66,40.92,6287.27,Female,0,Yes,No,No,DSL,Two year,Mailed check,No
0831-TEST,53,57.29,6264.97,Female,1,Yes,No,No,No,Two year,Electronic check,No
0832-TEST,51,39.09,3718.17,Male,1,Yes,No,No,No,One year,Bank transfer,No
0833-TEST,39,92.29,3244.24,Male,0,Yes,Yes,Yes,Fiber optic,Month-to-month,Bank transfer,No
0834-TEST,51,35.61,2493.03,Female,0,Yes,No,No,Fiber optic,One year,Credit card,No
0835-TEST,70,75.85,618.99,Female,0,Yes,Yes,No,Fiber optic,One year,Electronic check,No
0836-TEST,6,119.7,1903.06,Male,0,Yes,Yes,Yes,No,Month-to-month,Electronic check,Yes
0837-TEST,67,103.26,2048.17,Female,0,No,Yes,Yes,Fiber optic,Two year,Credit card,No
0838-TEST,7,85.37,3924.21,Female,0,No,No,Yes,DSL,One year,Mailed check,Yes
0839-TEST,51,57.56,6004.81,Male,0,Yes,Yes,Yes,Fiber optic,Month-to-month,Mailed check,No
0840-TEST,42,86.15,3843.1,Female,0,Yes,Yes,No,Fiber optic,Two year,Bank transfer,No
0841-TEST,64,77.43,556.97,Male,0,No,No,Yes,No,Two year,Electronic check,No
0842-TEST,15,68.35,7666.54,Male,1,No,Yes,Yes,Fiber optic,One year,Mailed check,No
0843-TEST,29,41.76,7547.52,Female,0,No,No,Yes,No,Two year,Bank transfer,Yes
0844-TEST,33,109.79,6303.0,Male,0,No,No,Yes,Fiber optic,Two year,Bank transfer,No
0845-TEST,27,70.48,7931.49,Female,0,No,No,No,DSL,Month-to-month,Bank transfer,No
0846-TEST,36,47.52,4401.41,Male,0,Yes,Yes,Yes,DSL,Month-to-month,Mailed check,No
0847-TEST,29,63.1,7705.87,Female,0,No,No,No,No,Two year,Mailed check,Yes
0848-TEST,38,67.27,697.28,Female,0,No,No,Yes,No,Month-to-month,Electronic check,No
0849-TEST,57,104.48,2988.88,Female,0,No,No,No,Fiber optic,Two year,Electronic check,No
0850-TEST,27,96.03,1880.51,Male,0,Yes,No,No,Fiber optic,One year,Bank transfer,No
0851-TEST,55,99.24,1647.08,Male,0,Yes,Yes,Yes,DSL,Month-to-month,Bank transfer,No
0852-TEST,33,30.99,1212.34,Female,0,Yes,No,No,Fiber optic,Two year,Mailed check,No
0853-TEST,68,67.45,5017.07,Male,0,Yes,Yes,Yes,DSL,Two year,Mailed check,No
0854-TEST,66,73.32,6272.44,Female,1,Yes,No,No,No,Month-to-month,Electronic check,No
0855-TEST,10,31.73,4668.56,Female,0,Yes,Yes,No,Fiber optic,Month-to-month,Electronic check,No
0856-TEST,5,53.38,1261.01,Male,0,No,No,No,No,One year,Credit card,No
0857-TEST,38,98.43,6507.88,Female,0,Yes,Yes,Yes,Fiber optic,Two year,Electronic check,No
0858-TEST,13,42.34,5124.04,Male,1,Yes,No,No,DSL,One year,Mailed check,No
0859-TEST,31,78.18,3166.51,Female,0,No,Yes,Yes,No,One year,Bank transfer,No
0860-TEST,47,49.37,5425.63,Male,0,Yes,Yes,No,No,One year,Credit card,No
0861-TEST,52,31.09,2153.25,Female,0,No,Yes,No,Fiber optic,Month-to-month,Electronic check,No
0862-TEST,56,51.71,2827.02,Female,0,No,No,No,No,One year,Electronic check,Yes
0863-TEST,15,117.83,7348.14,Male,0,Yes,Yes,No,DSL,Month-to-month,Mailed check,No
0864-TEST,29,102.14,2394.99,Female,0,No,Yes,No,No,Month-to-month,Credit card,Yes
0865-TEST,8,116.36,3812.91,Female,1,No,Yes,No,No,One year,Electronic check,No
0866-TEST,5,73.91,7132.11,Male,0,No,Yes,Yes,Fiber optic,One year,Bank transfer,Yes
0867-TEST,29,39.88,5691.0,Female,0,No,No,Yes,No,Two year,Mailed check,No
0868-TEST,47,79.32,591.41,Male,0,Yes,Yes,Yes,Fiber optic,One year,Credit card,No
0869-TEST,68,70.89,1263.69,Female,0,No,Yes,No,Fiber optic,Two year,Electronic check,No
0870-TEST,45,105.99,161.95,Male,1,Yes,Yes,Yes,No,One year,Electronic check,Yes
0871-TEST,2,38.83,5084.28,Female,0,No,No,No,DSL,One year,Credit card,No
0872-TEST,27,73.94,3636.62,Female,0,No,Yes,Yes,Fiber optic,One year,Mailed check,No
0873-TEST,36,43.5,1160.77,Female,0,No,Yes,Yes,No,One year,Credit card,No
0874-TEST,36,59.22,7667.68,Male,0,Yes,Yes,No,Fiber optic,Two year,Credit card,No
0875-TEST,26,96.36,4284.31,Male,0,Yes,Yes,No,DSL,Two year,Mailed check,No
0876-TEST,43,72.84,2010.96,Male,0,Yes,No,Yes,DSL,One year,Electronic check,No
0877-TEST,27,63.83,4054.77,Male,1,No,Yes,Yes,Fiber optic,One year,Bank transfer,No
0878-TEST,69,65.5,5469.0,Female,1,No,Yes,Yes,DSL,Two year,Mailed check,Yes
0879-TEST,20,71.35,702.29,Female,0,No,No,Yes,No,Month-to-month,Bank transfer,No
0880-TEST,11,100.65,2270.16,Male,1,No,No,No,No,Month-to-month,Electronic check,No
0881-TEST,38,110.29,6475.03,Male,0,Yes,No,Yes,Fiber optic,Month-to-month,Credit card,No
0882-TEST,6,115.98,3731.35,Male,0,No,Yes,No,DSL,Two year,Bank transfer,No
0883-TEST,23,100.82,4417.96,Female,0,Yes,No,No,No,Two year,Electronic check,No
0884-TEST,47,58.39,3519.25,Male,0,No,Yes,Yes,No,Month-to-month,Electronic check,No
0885-TEST,46,91.93,446.81,Male,0,Yes,No,No,No,Month-to-month,Credit card,No
0886-TEST,12,69.38,1409.42,Female,0,Yes,Yes,Yes,Fiber optic,One year,Credit card,No
0887-TEST,13,52.92,3619.78,Female,0,No,No,No,Fiber optic,Two year,Electronic check,No
0888-TEST,62,105.68,1752.57,Male,0,No,Yes,No,No,Two year,Electronic check,No
0889-TEST,60,33.46,494.83,Female,0,Yes,No,Yes,No,Month-to-month,Bank transfer,No
0890-TEST,43,111.16,6764.83,Male,0,No,Yes,No,DSL,Month-to-month,Electronic check,Yes
0891-TEST,68,71.53,7851.42,Female,0,No,Yes,No,DSL,Two year,Electronic check,No
0892-TEST,5,87.35,6365.83,Male,0,Yes,Yes,Yes,DSL,One year,Bank transfer,No
0893-TEST,37,89.34,6844.9,Male,0,Yes,Yes,No,Fiber optic,Month-to-month,Mailed check,No
0894-TEST,31,110.56,2011.62,Male,0,Yes,Yes,No,No,Two year,Bank transfer,Yes
0895-TEST,9,87.3,7688.95,Male,1,Yes,Yes,Yes,Fiber optic,Two year,Bank transfer,No
0896-TEST,51,85.25,1655.71,Female,0,No,Yes,Yes,No,One year,Credit card,No
0897-TEST,29,36.0,7616.3,Female,0,Yes,Yes,No,DSL,One year,Bank transfer,No
0898-TEST,40,76.66,7959.07,Female,1,Yes,No,No,DSL,Month-to-month,Electronic check,No
0899-TEST,41,43.52,5722.61,Female,0,Yes,Yes,No,DSL,Month-to-month,Electronic check,No
0900-TEST,11,96.37,7851.04,Male,0,No,Yes,Yes,DSL,Month-to-month,Electronic check,Yes
0901-TEST,23,76.1,4599.36,Male,0,Yes,No,No,No,Two year,Mailed check,Yes
0902-TEST,1,91.22,2150.38,Female,1,No,Yes,No,DSL,Month-to-month,Electronic check,No
0903-TEST,46,33.75,3552.27,Female,0,Yes,No,No,No,Two year,Mailed check,No
0904-TEST,21,37.63,4789.13,Female,0,Yes,Yes,No,No,Month-to-month,Electronic check,Yes
0905-TEST,36,94.47,677.34,Female,0,No,No,No,Fiber optic,One year,Bank transfer,Yes
0906-TEST,54,36.49,5016.51,Female,0,Yes,No,No,DSL,One year,Credit card,Yes
0907-TEST,57,36.41,7851.3,Male,0,Yes,Yes,Yes,DSL,Two year,Electronic check,No
0908-TEST,1,31.09,1601.85,Male,0,No,No,Yes,Fiber optic,One year,Mailed check,Yes
0909-TEST,63,116.09,6361.5,Male,0,Yes,Yes,No,No,Two year,Mailed check,No
0910-TEST,54,96.38,7272.4,Female,1,Yes,Yes,No,DSL,Two year,Credit card,No
0911-TEST,55,61.79,7555.24,Female,0,Yes,Yes,Yes,No,One year,Electronic check,Yes
0912-TEST,40,56.69,7685.07,Female,0,Yes,Yes,Yes,Fiber optic,Two year,Bank transfer,No
0913-TEST,15,61.47,4219.53,Female,1,No,No,Yes,No,One year,Electronic check,No
0914-TEST,21,99.72,7820.73,Male,0,Yes,Yes,No,DSL,Month-to-month,Electronic check,No
0915-TEST,47,89.52,6082.75,Male,0,No,No,No,No,Month-to-month,Credit card,No
0916-TEST,53,46.67,1377.2,Female,0,Yes,No,No,No,One year,Electronic check,No
0917-TEST,9,45.67,3867.51,Male,1,No,Yes,No,DSL,One year,Bank transfer,No
0918-TEST,52,38.86,5774.82,Male,0,Yes,Yes,Yes,DSL,One year,Mailed check,Yes
0919-TEST,57,89.43,2053.99,Female,0,No,Yes,Yes,No,One year,Credit card,Yes
0920-TEST,26,98.79,5160.86,Female,1,Yes,Yes,Yes,No,Month-to-month,Bank transfer,No
0921-TEST,41,53.85,5366.14,Female,0,No,No,Yes,Fiber optic,Two year,Mailed check,No
0922-TEST,35,31.89,1385.33,Female,1,No,Yes,No,DSL,Two year,Credit card,No
0923-TEST,63,37.4,4564.17,Female,1,Yes,No,No,No,Month-to-month,Credit card,No
0924-TEST,25,117.11,6195.85,Female,0,No,Yes,Yes,DSL,Two year,Mailed check,No
0925-TEST,38,56.59,4041.28,Male,0,Yes,Yes,Yes,Fiber optic,Month-to-month,Mailed check,No
0926-TEST,2,99.23,195.61,Male,0,Yes,Yes,Yes,No,Two year,Bank transfer,No
0927-TEST,7,86.22,171.4,Female,0,Yes,Yes,Yes,No,One year,Electronic check,No
0928-TEST,34,64.37,2920.53,Male,0,Yes,No,Yes,No,One year,Electronic check,No
0929-TEST,17,48.51,7416.93,Female,0,Yes,No,No,DSL,One year,Electronic check,No
0930-TEST,43,40.92,1906.55,Female,1,No,Yes,No,Fiber optic,Month-to-month,Electronic check,No
0931-TEST,59,85.35,5111.47,Female,0,Yes,No,Yes,DSL,Month-to-month,Electronic check,No
0932-TEST,51,99.72,1854.4,Female,0,Yes,No,Yes,No,Two year,Bank transfer,No
0933-TEST,54,87.95,2641.19,Male,1,Yes,Yes,Yes,Fiber optic,Two year,Credit card,No
0934-TEST,24,77.73,6799.53,Female,1,Yes,Yes,No,No,Two year,Bank transfer,Yes
0935-TEST,25,33.78,5858.01,Male,0,Yes,No,No,No,Month-to-month,Bank transfer,No
0936-TEST,71,117.16,853.65,Female,1,Yes,No,No,DSL,Two year,Bank transfer,Yes
0937-TEST,52,101.88,3486.75,Female,0,No,No,Yes,No,One year,Credit card,Yes
0938-TEST,70,56.35,330.44,Female,1,No,No,No,Fiber optic,Two year,Bank transfer,No
0939-TEST,33,118.2,3899.03,Male,0,Yes,Yes,Yes,No,One year,Bank transfer,Yes
0940-TEST,49,84.17,5333.23,Female,0,No,Yes,No,No,Month-to-month,Credit card,No
0941-TEST,29,82.42,1036.17,Female,0,Yes,No,No,DSL,One year,Bank transfer,No
0942-TEST,63,97.33,2382.19,Female,0,Yes,Yes,No,Fiber optic,One year,Electronic check,No
0943-TEST,22,103.06,3242.91,Male,0,Yes,No,Yes,DSL,One year,Mailed check,No
0944-TEST,26,89.08,7364.3,Male,0,Yes,No,Yes,No,Month-to-month,Bank transfer,Yes
0945-TEST,28,41.53,7946.71,Male,0,Yes,Yes,No,DSL,Month-to-month,Mailed check,Yes
0946-TEST,49,60.44,454.8,Female,1,No,No,Yes,DSL,Month-to-month,Bank transfer,No
0947-TEST,71,113.53,6111.96,Male,0,No,No,Yes,DSL,Month-to-month,Bank transfer,No
0948-TEST,49,50.22,3036.62,Female,0,No,Yes,Yes,DSL,Two year,Electronic check,No
0949-TEST,20,63.5,3200.42,Male,0,No,Yes,Yes,No,Month-to-month,Credit card,Yes
0950-TEST,63,68.89,6058.69,Male,0,Yes,No,Yes,No,One year,Mailed check,No
0951-TEST,61,69.55,7355.57,Female,1,No,No,Yes,Fiber optic,Month-to-month,Credit card,No
0952-TEST,49,85.16,7612.34,Male,1,Yes,Yes,Yes,DSL,Two year,Electronic check,No
0953-TEST,71,114.88,4659.27,Female,0,No,No,No,DSL,Two year,Electronic check,No
0954-TEST,1,51.66,2921.26,Female,0,No,No,Yes,Fiber optic,Two year,Mailed check,Yes
0955-TEST,13,40.94,6321.64,Male,0,No,Yes,Yes,DSL,One year,Credit card,Yes
0956-TEST,51,47.77,2082.91,Female,0,No,Yes,No,Fiber optic,Month-to-month,Electronic check,No
0957-TEST,56,109.82,4556.18,Female,1,Yes,Yes,No,No,Month-to-month,Bank transfer,No
0958-TEST,62,88.12,2932.77,Male,0,No,Yes,No,Fiber optic,Month-to-month,Bank transfer,Yes
0959-TEST,32,55.73,5287.39,Male,0,No,Yes,No,DSL,One year,Bank transfer,No
0960-TEST,30,103.44,1999.15,Female,0,Yes,Yes,Yes,Fiber optic,One year,Credit card,Yes
0961-TEST,29,107.52,1613.58,Male,0,Yes,No,No,No,Two year,Bank transfer,Yes
0962-TEST,49,106.19,7354.09,Female,1,No,No,No,DSL,Two year,Bank transfer,No
0963-TEST,45,112.7,904.25,Female,0,Yes,Yes,Yes,No,Month-to-month,Electronic check,Yes
0964-TEST,30,52.7,4097.07,Male,0,Yes,Yes,Yes,No,One year,Electronic check,No
0965-TEST,16,97.95,1844.74,Male,0,Yes,No,Yes,Fiber optic,One year,Bank transfer,No
0966-TEST,40,71.45,407.55,Male,0,No,No,No,No,Month-to-month,Bank transfer,Yes
0967-TEST,19,105.78,384.55,Male,0,Yes,No,Yes,DSL,Month-to-month,Electronic check,Yes
0968-TEST,18,95.56,1484.25,Female,0,No,Yes,No,No,Two year,Mailed check,No
0969-TEST,1,99.88,6947.49,Female,0,No,Yes,Yes,No,Two year,Credit card,Yes
0970-TEST,47,89.05,2331.58,Male,0,No,No,Yes,Fiber optic,Two year,Credit card,No
0971-TEST,66,45.97,7608.63,Male,0,No,Yes,No,No,Month-to-month,Electronic check,No
0972-TEST,38,79.05,4694.82,Female,0,Yes,Yes,Yes,Fiber optic,Month-to-month,Credit card,No
0973-TEST,51,118.62,3549.25,Female,0,No,Yes,Yes,Fiber optic,Two year,Electronic check,No
0974-TEST,63,114.36,4682.7,Female,0,Yes,No,Yes,DSL,Two year,Electronic check,Yes
0975-TEST,4,33.89,4181.92,Female,0,No,No,Yes,DSL,One year,Electronic check,Yes
0976-TEST,1,44.83,6094.33,Male,0,Yes,Yes,Yes,DSL,One year,Electronic check,Yes
0977-TEST,8,41.86,2331.72,Female,0,No,Yes,No,DSL,Two year,Mailed check,No
0978-TEST,29,95.34,2889.1,Female,0,Yes,Yes,No,Fiber optic,Two year,Bank transfer,No
0979-TEST,55,103.6,7163.34,Male,0,No,Yes,Yes,No,One year,Bank transfer,No
0980-TEST,3,49.22,7577.01,Female,0,No,Yes,No,DSL,Two year,Mailed check,Yes
0981-TEST,32,75.53,7151.21,Female,0,Yes,No,No,DSL,One year,Credit card,No
0982-TEST,10,105.66,3413.64,Male,0,No,Yes,No,DSL,One year,Credit card,No
0983-TEST,34,95.95,6264.89,Male,0,No,Yes,Yes,No,One year,Bank transfer,No
0984-TEST,55,78.8,3863.05,Male,0,No,Yes,Yes,DSL,Month-to-month,Credit card,No
0985-TEST,32,83.13,4030.56,Female,0,Yes,No,Yes,No,Month-to-month,Bank transfer,No
0986-TEST,50,75.75,1716.97,Female,1,No,No,No,Fiber optic,Two year,Bank transfer,No
0987-TEST,7,56.78,4769.93,Male,0,No,Yes,No,Fiber optic,One year,Mailed check,No
0988-TEST,8,80.85,1570.47,Male,0,Yes,No,Yes,Fiber optic,Month-to-month,Credit card,No
0989-TEST,65,92.0,2719.36,Female,0,Yes,No,Yes,No,Two year,Mailed check,No
0990-TEST,57,108.6,6854.74,Male,0,Yes,No,No,DSL,Two year,Bank transfer,Yes
0991-TEST,67,87.27,1735.9,Male,0,Yes,No,No,DSL,Two year,Bank transfer,No
0992-TEST,59,98.5,662.15,Male,0,Yes,No,Yes,DSL,Two year,Bank transfer,No
0993-TEST,54,44.41,645.16,Female,1,No,No,No,DSL,Two year,Electronic check,No
0994-TEST,67,71.54,7532.2,Female,0,No,Yes,No,DSL,One year,Electronic check,No
0995-TEST,51,30.84,4104.67,Female,1,No,No,No,No,Two year,Electronic check,Yes
0996-TEST,8,52.2,3334.36,Female,0,Yes,No,No,Fiber optic,One year,Mailed check,No
0997-TEST,34,95.38,6505.94,Female,0,No,Yes,No,DSL,Month-to-month,Bank transfer,No
0998-TEST,35,119.26,6703.02,Female,0,Yes,Yes,No,Fiber optic,Two year,Credit card,No
0999-TEST,32,38.93,2724.31,Male,0,Yes,Yes,No,No,Month-to-month,Mailed check,No
